1.3799999999999955,5361.626450000002,188,37.804649999999995,37.795251,137.9926,24.400000000000002,2216.40935,1840.1447,86.06048000000004,422.72809500000005,22.37,1.2465134500000001,44.920344500000006,22.621982499999998,33.498626,0.27631821999999995,93.428016
1.1799999999999926,5394.2922,168.99999999999997,37.87600649999999,37.88526499999999,137.9926,26.4,2370.5874,1641.7326,86.06048000000004,418.771325,21.3,0.9924770200000002,49.961387,22.486248500000002,33.337454,0.277126935,94.42034000000001
1.3799999999999955,5349.391799999999,177,37.907927,37.915760500000005,137.9926,26.314285714285713,2326.4653499999995,1600.6757499999999,86.06048000000004,421.07192999999995,21.385714285714286,1.089545615,49.7545845,22.635298499999998,33.251830500000004,0.277012895,94.729605
1.3799999999999955,5342.503300000001,159,39.1773955,39.1854155,137.9926,26.1,2495.2235999999994,1563.7121499999998,86.06048000000004,420.80792,21.6,1.36464176,50.03998399999999,23.093170999999995,33.195589,0.27722216,96.88033449999999
1.279999999999987,5208.639349999999,173,39.5083695,39.518026500000005,137.9926,26.671428571428574,2807.7891,1554.3573999999999,86.06048000000004,423.4102650000001,21.085714285714285,1.0344115400000002,49.90083599999999,23.282551500000004,32.782585499999996,0.2773100600000001,97.99117299999999
1.4099999999999966,4926.6344,162.99999999999997,39.4586425,39.468287,137.9926,28.1,2832.0817499999994,1419.57265,86.06048000000004,423.511005,19.8,1.4621555999999998,49.9926165,23.67951,32.8816385,0.276607215,97.673188
1.200000000000017,4916.36325,208.99999999999997,39.544856499999995,39.5447875,137.9926,28.414285714285715,2710.0612499999997,1419.06425,86.06048000000004,422.53612000000004,20.228571428571428,1.4626380500000002,50.67498899999999,23.697595,32.86736799999999,0.27740788000000005,97.7863555
1.3000000000000114,4725.241099999999,195,40.093263,40.103061499999995,137.9926,29.2,2378.57585,1268.21285,86.06048000000004,419.47729,21.3,1.0889895299999999,54.4238955,24.2266475,31.071811000000004,0.27692170000000005,99.92829650000002
1.1000000000000085,4804.615400000001,165,39.88969900000001,39.8994505,137.9926,29.07142857142857,2674.42915,1326.7278000000001,86.06048000000004,421.28072499999996,21.071428571428573,1.587311075,55.098774500000005,24.384396000000002,31.611567999999995,0.27765841,98.944796
1.4000000000000057,4854.6814,159,39.9480405,39.967975499999994,137.9926,28.942857142857143,2561.5901499999995,1279.70375,86.06048000000004,421.10808499999996,20.84285714285714,1.6694932499999997,52.746304499999994,24.493085999999995,31.2783125,0.27733582000000007,99.18430600000002
1.3000000000000114,5052.58755,85,40.5624055,40.55826500000001,137.9926,28.3,2875.6483500000004,843.3622600000001,86.06048000000004,418.9764349999999,19.7,1.69192515,58.988052,24.592385999999994,30.123244500000006,0.28883880500000003,100.81920799999997
1.3000000000000114,6167.5641,117,40.618897999999994,40.6290355,137.9926,28.122222222222224,2626.2982,1294.7391499999999,86.06048000000004,419.07549,18.877777777777776,1.6642098,58.25358550000001,24.579175500000005,30.4497865,0.28895733,100.2848985
1.5000000000000142,4502.278349999999,103,40.284082000000005,40.275015499999995,137.9926,27.677777777777777,2201.8780999999994,1469.9372999999998,86.06048000000004,418.75139,16.822222222222223,1.37098245,54.54499800000001,24.861186000000007,29.6649115,0.28865038000000004,99.81352650000001
1.4000000000000057,4514.63505,83,39.385355000000004,39.394983,137.9926,27.5,2830.6402500000004,1422.0176500000002,86.06048000000004,420.6115749999999,16,1.7046429,53.273244999999996,24.935934999999994,29.531440999999994,0.28900068500000003,97.29294050000001
1.7000000000000028,4526.5729999999985,121,37.064555,37.0736145,137.9926,27.2,2569.868,1471.1011,86.06048000000004,419.48798500000004,17.1,1.601845375,58.60002049999999,25.2171805,29.069749,0.288880835,92.1546965
1.700000000000017,4581.6383,115,37.8172275,37.831435,137.9926,26.285714285714285,2900.5450499999997,1336.23465,86.06048000000004,421.54295,17.15714285714286,1.73647385,58.709681,25.172826999999998,28.837225000000007,0.28855266000000007,93.0901425
1.1000000000000085,4546.9626499999995,77,37.68248749999999,37.6916985,137.9926,25.6,2843.1957500000008,1353.7355000000002,86.06048000000004,420.48202499999996,17.2,1.7445200500000002,57.4396695,25.0979735,28.573641000000002,0.28813299499999995,92.64677700000001
1.509999999999991,4540.058650000001,108,36.94834949999999,36.9546405,137.9926,23.82857142857143,2822.03295,1412.00145,86.06048000000004,420.85611,19.82857142857143,1.7622796,57.011208999999994,25.088117999999998,28.315934500000004,0.29242701000000004,90.84423699999999
1.1099999999999994,4475.570900000001,98.16999999999999,36.803148500000006,36.81214400000001,137.9926,22.942857142857143,2812.7032499999996,1479.8209,86.06048000000004,420.51708999999994,21.142857142857142,1.7148014500000002,56.919351500000005,25.2273675,29.4466585,0.280241965,90.06326200000001
1.2099999999999937,4549.13365,117,36.57318399999999,36.5828935,137.9926,22.5,2856.9529499999994,1453.0124000000003,86.06048000000004,420.69495500000005,21.8,1.5425213899999997,57.04303399999999,25.232850000000003,30.529534,0.269270155,88.50145749999999
1.509999999999991,4500.7443,111,36.6054585,36.61440599999999,137.9926,23.142857142857142,2808.84805,1384.8156000000001,86.06048000000004,419.947225,20.442857142857143,1.2765091300000004,48.5383,25.609789500000005,30.402777500000003,0.27392456000000004,89.10150999999999
1.0100000000000051,4511.9544000000005,57,35.751793500000005,35.758852000000005,137.9926,23.4,2496.74995,1352.2925500000001,86.06048000000004,417.60497999999995,19.9,1.7615009999999998,48.855821500000005,25.731601,32.030449499999996,0.27799550999999995,86.15462850000002
1.6099999999999852,4583.71595,148,35.621330000000015,35.6293085,137.9926,21.514285714285716,2748.3929499999995,1321.7272500000001,86.06048000000004,420.294485,21.9,1.67492495,59.34928549999999,25.730033000000002,34.3154,0.27880549999999993,85.701249
1.4099999999999966,4618.467250000001,131,35.71113650000001,35.719864499999986,137.9926,20.1,2957.7671499999997,1411.7760999999996,86.06048000000004,420.80981500000007,23.4,1.69541045,52.203508,25.815984499999995,33.8981985,0.27843126499999993,85.63853900000001
1.4099999999999966,4596.4394999999995,222,35.939728,35.948513500000004,137.9926,22.557142857142857,3151.75555,1275.595,86.06048000000004,421.54141,22.314285714285713,1.7931278,69.999797,25.823710000000005,32.958028,0.278567045,85.83827549999998
1.5100000000000051,4651.5628000000015,125,35.545138,35.57149199999999,137.9926,24.4,3140.2451499999997,1301.9598999999996,86.06048000000004,420.66745499999996,21.5,1.7547715499999998,68.28854299999999,25.758917000000004,34.806472500000005,0.276427675,85.299145
1.4099999999999966,4564.50455,156,35.705946,35.714465000000004,137.9926,21.085714285714285,2720.4633999999996,1374.4889,86.06048000000004,419.76479,23.728571428571428,1.74674445,65.5644755,25.7330165,33.559905,0.27619601,85.36066250000002
1.1099999999999994,4533.7025,170,35.86061,35.8757495,137.9926,18.6,2598.6277999999998,1384.55025,86.06048000000004,420.15378999999996,25.4,1.0989633550000004,57.486666,25.752635500000004,32.451007999999995,0.27583924,86.83520049999998
1.4099999999999966,4598.02005,206,36.4634335,36.472345000000004,137.9926,19.514285714285716,2611.9746000000005,1383.29675,86.06048000000004,420.26797999999997,24.676190476190474,1.7246647999999998,64.154686,25.9807315,29.289683500000002,0.27617505999999997,86.878909
1.2099999999999937,4615.06575,185,35.716511499999996,35.725241000000004,137.9926,20.2,2954.6974000000005,1297.66515,86.06048000000004,419.88088000000005,24.133333333333333,1.6992668000000002,81.07488950000001,25.829226999999996,33.67406850000001,0.274386855,84.90528200000001
1.7099999999999937,4564.503450000002,172,35.94894500000001,35.9737995,137.9926,21.114285714285714,2584.7084999999997,1387.2771,86.06048000000004,419.57981,23.409523809523808,1.65241905,57.199504000000005,25.866735000000006,32.49298000000001,0.27654933,86.17718799999999
1.4099999999999966,4562.2681999999995,133,36.842063,36.851069499999994,137.9926,21.8,2876.58225,1422.2198000000003,86.06048000000004,421.58659499999993,22.866666666666667,1.7168966500000002,58.03500699999999,25.8086365,29.533121000000005,0.27414076,87.369988
1.1099999999999994,4611.0522,189,36.908064499999995,36.9146365,137.9926,22.714285714285715,2749.1733000000004,1273.5891,86.06048000000004,421.09620000000007,22.142857142857146,1.6490447,61.60236999999999,25.64144,29.0663925,0.27343975000000004,87.01790349999999
0.9099999999999966,4570.5396,144,37.0996515,37.10670599999999,137.9926,23.4,2614.755199999999,1348.2893,86.06048000000004,421.10587000000004,21.6,1.7242197999999997,57.845042,25.3971645,28.990003499999993,0.27335028499999997,87.53922199999997
1.1099999999999994,4596.746950000001,210,37.17403699999999,37.183122,137.9926,24.02857142857143,2841.6162499999996,1315.28865,86.06048000000004,421.535725,21.45714285714286,1.5569813,62.576777500000006,25.128477499999995,28.383089000000002,0.273756465,87.60719849999998
1.4099999999999966,4574.511200000001,137,37.243337999999994,37.2492655,137.9926,24.5,2697.0333499999992,1450.9227500000002,86.06048000000004,421.62153,21.35,1.6755371000000001,59.884386000000006,24.9324725,28.133775999999994,0.27232804,87.3037945
1.3100000000000023,4565.3272,168,37.53739,37.546565,137.9926,25.12857142857143,2643.24245,1351.68205,86.06048000000004,421.073045,21.20714285714286,1.8029908000000003,56.43948,24.701052999999995,28.321810499999998,0.27271695,89.26254500000002
1.309999999999988,4570.1413,154,36.6807975,36.68955699999999,137.9926,25.6,2644.9609499999997,1292.6967999999997,86.06048000000004,421.78915500000005,21.1,1.7402187499999997,53.820809,24.669499000000002,28.751602499999997,0.28424549,85.78447200000001
1.2399999999999949,4541.784900000001,230,37.029625499999995,37.038674,137.9926,26,3157.8222000000005,1516.7483000000002,86.06048000000004,423.13470499999994,20.4,1.7468186499999998,53.3748205,24.0784125,27.697268,0.28147154999999996,87.3286915
1.4399999999999977,4593.580650000001,236,36.651908000000006,36.660866500000004,137.9926,27.142857142857142,2674.8878000000004,1621.7866000000001,86.06048000000004,421.4909799999999,21.54285714285714,1.9033223500000003,53.52095949999999,23.812765500000005,27.666209499999997,0.28174414999999997,87.051075
1.5400000000000063,4491.58785,236,36.542820999999996,36.551753,137.9926,28,2952.2555,1678.59795,86.06048000000004,422.963265,22.4,1.2730606999999998,56.54324449999999,23.8174875,27.9046105,0.2935899,87.707713
1.2199999999999989,4557.078000000001,204.00000000000003,35.8655905,35.87435799999999,137.9926,29.142857142857142,2199.208,1938.85465,86.06048000000004,420.43628,20.514285714285716,1.66821405,59.40017499999999,23.957482999999996,28.106074,0.28506799000000005,85.22630900000001
1.539999999999992,4584.6563,172,35.03583350000001,35.043921,137.9926,30,3138.2777999999994,1883.3361,86.06048000000004,425.55283,19.1,1.6257606500000001,76.76585,23.7770375,27.546170499999995,0.292383015,81.24038700000001
1.4000000000000057,4584.822900000001,179,36.16518849999999,36.169606,137.9926,29.085714285714285,2290.2696500000006,1911.5850000000003,86.06048000000004,422.183385,18.585714285714285,1.57744845,58.01430849999999,23.249480000000002,26.938415999999997,0.2852231499999999,85.352871
1.2000000000000028,4587.1487,275,35.294003999999994,35.302631500000004,137.9926,28.4,2487.24035,1674.9648999999997,86.06048000000004,421.00281000000007,18.2,1.8306507499999998,46.540963000000005,23.073782,26.971155,0.280968025,84.446222
1.2000000000000028,4478.2035,216,33.71136649999999,33.72652199999999,137.9926,27.885714285714286,2277.35095,1874.7731000000003,86.06048000000004,420.35581500000006,18.771428571428572,1.7476896499999999,54.702730499999994,22.6150075,29.286325499999997,0.28014578000000007,80.8555735
1.2999999999999972,4577.6246,286,33.70603299999999,33.7106795,137.9926,27.5,2601.8198499999994,1904.9492499999997,86.06048000000004,423.96524,19.2,1.4020161500000001,56.99880150000001,22.754807,27.57387,0.28754683000000003,80.3941435
1.2000000000000028,4517.874099999999,208.99999999999997,34.0199065,34.01321449999999,137.9926,25.95714285714286,1694.8355500000005,1925.6832499999996,86.06048000000004,420.37171499999994,19.885714285714286,1.6281705,54.195653500000006,22.414232,26.624467000000003,0.285253945,80.726674
1.1000000000000085,4561.4338,264,35.0305415,35.039103999999995,137.9926,24.8,2102.75435,1694.1324499999998,86.06048000000004,419.010285,20.4,1.76146425,60.60664849999999,21.942160999999995,26.527929999999998,0.28229917000000004,84.757304
1,4566.2136,132,34.282185999999996,34.290568,137.9926,22.285714285714285,1986.48965,1678.3135000000002,86.06048000000004,418.16694500000006,20.27142857142857,1.7216985500000004,51.673731999999994,21.467891500000007,26.218177500000003,0.28223159999999997,82.53377649999999
1.1799999999999926,4584.476199999999,221.00000000000003,34.41634549999999,34.42893049999999,137.9926,20.4,2605.51655,1617.2399,86.06048000000004,420.04973000000007,20.1,1.6056460499999996,67.365006,21.143337999999996,26.6311825,0.27109036,82.5096215
1.4000000000000057,4498.14205,126,33.06778049999999,33.075282,137.9926,20.17142857142857,2388.5547500000002,1848.71215,86.06048000000004,420.02346,21.3,1.66782495,51.894482,20.782566000000003,26.966116999999997,0.2707709300000001,79.96825800000002
1.2000000000000028,4530.369899999999,199,32.9584845,32.966542,137.9926,20,1780.28915,2314.1946000000003,86.06048000000004,419.1540800000001,22.2,1.7114276499999999,51.2183045,20.652163,26.966956500000002,0.266477645,79.39981700000001
1.2000000000000028,4514.4222500000005,144,33.238429,33.246551499999995,137.9926,19.314285714285713,2869.1974499999997,1222.6631000000002,86.06048000000004,419.1014349999999,22.085714285714285,1.4515890500000002,56.0528765,20.628825,27.160867000000003,0.2660765600000001,81.04885299999998
1.2000000000000028,4501.9923499999995,101,33.249843000000006,33.252345000000005,137.9926,18.8,2283.8380499999994,2162.3110500000003,86.06048000000004,419.81087499999995,22,1.7805402999999997,68.6209565,20.384276500000006,26.7973895,0.266399455,79.49046050000001
1.4000000000000057,4493.0313,168.99999999999997,33.380475000000004,33.388634,137.9926,17.371428571428574,2524.6362999999997,1607.44445,86.06048000000004,419.477535,21.714285714285715,1.6030317,56.627071,20.226078,27.060974499999997,0.26550583,80.60385850000002
1.1000000000000085,4473.963849999999,241,33.611787500000005,33.618863,137.9926,16.3,1901.64915,2411.6402500000004,86.06048000000004,418.52577499999995,21.5,1.4931157999999998,59.028575000000004,20.126831,27.398427000000005,0.26613345,81.69210050000001
1.25,4488.94785,244.00000000000003,33.92186349999999,33.9301545,137.9926,16.071428571428573,2230.5852500000005,2255.3465499999993,86.06048000000004,421.22197500000004,21.042857142857144,1.6911279000000001,57.56144049999999,19.877014500000005,24.478021500000004,0.27988748999999996,79.97697649999998
1.75,4480.1739,263,34.020801500000005,34.029118,137.9926,15.9,2014.6304,2552.03665,86.06048000000004,422.92566,20.7,1.7351761500000003,56.033034,19.510730000000002,22.557386999999995,0.2888344,81.365989
1.1799999999999926,4482.6138,225,34.1172085,34.1238665,137.9926,16.642857142857142,1636.4655499999997,2647.95435,86.06048000000004,423.77935499999995,20.985714285714284,1.5487134500000002,58.876239999999996,19.146103000000004,22.533044500000003,0.28792044,81.671172
1.6799999999999926,4453.90935,245,34.294413,34.302795499999995,137.9926,17.2,1852.7869499999997,2709.21805,86.06048000000004,423.44844,21.2,1.57340725,52.19725850000001,18.9219885,22.3869815,0.30595761499999996,81.89973599999999
1.7800000000000011,4469.7913,239,34.1498955,34.162124999999996,137.9926,18.114285714285714,1754.3003500000002,2697.53525,86.06048000000004,422.9836550000001,21.942857142857143,1.53605155,56.91681,18.601966999999995,22.495268,0.30609390499999994,82.38357949999998
1.579999999999984,4452.2828,239,33.897973,33.8955475,137.9926,18.8,1747.21985,2615.1987999999997,86.06048000000004,423.2672600000001,22.5,1.5525324,57.476261,18.412314000000002,22.479320500000004,0.30702580500000004,81.70816400000002
1.5799999999999983,4501.7865,172,33.92410650000001,33.936301,137.9926,19.371428571428574,1972.8438500000004,2431.9386999999997,86.06048000000004,419.49011500000006,21.814285714285713,1.44502615,58.647107500000004,17.666731000000002,25.222603,0.26575293499999997,81.008483
1.0799999999999983,4488.939700000001,182,34.0709445,34.079273,137.9926,19.8,1780.9646500000003,2683.5793000000003,86.06048000000004,418.1066100000001,21.3,1.4592824499999997,57.38366349999999,17.5116815,24.968253500000003,0.26563963,80.89665049999999
1.2800000000000011,4357.60685,156,33.974475000000005,33.98278100000001,137.9926,20.314285714285713,1812.4885849999996,2594.8229,86.06048000000004,418.10027,21.3,0.9946276100000002,52.781709,17.160719,25.3006715,0.28201409000000005,81.22595399999999
1.2800000000000011,4361.99565,137,33.661756000000004,33.7018765,137.9926,20.7,1706.9684499999996,2535.1245499999995,86.06048000000004,419.6210250000001,21.3,1.5344487999999998,50.407778500000006,16.863995500000005,27.930316500000004,0.27973602,80.27794
1.3799999999999955,4357.062749999999,129,33.776685,33.780702500000004,137.9926,20.7,2082.62385,2645.4131500000003,86.06048000000004,419.1196800000001,21.3,1.097758405,51.702217499999996,16.545546,27.824024,0.28256500999999995,80.64366949999999
1.5799999999999983,4375.95005,139,34.1084475,34.104993500000006,137.9926,21.2,2082.4963999999995,2767.80375,86.06048000000004,419.5805899999999,20.3,1.17593627,54.6353715,16.648559,25.5172465,0.28330238,81.14588
1.7800000000000011,4387.02125,195,33.54026499999999,33.54410299999999,137.9926,22.7,2170.90245,2703.81935,86.06048000000004,418.32576500000005,20,1.3705931400000002,55.404073999999994,16.61347,26.146826000000004,0.28458635499999996,79.875162
1.779999999999987,4362.29745,201,33.764810499999996,33.7672305,137.9926,20.4,1980.3957499999997,2746.1021000000005,86.06048000000004,422.58932000000004,23.1,1.5747788500000002,52.595641,16.459312999999998,25.602029000000005,0.285006405,80.26772949999999
1.4799999999999898,4450.3075,252,33.115412500000005,33.12350699999999,137.9926,19.066666666666666,1865.7168499999996,2780.7066500000005,86.06048000000004,419.184915,23.26666666666667,1.296957135,59.558574,15.895531999999998,27.595695499999994,0.28592966999999997,79.425082
1.4000000000000057,4461.1659500000005,183,33.387094,33.39525400000001,137.9926,16.08888888888889,1524.4643,2636.92875,86.06048000000004,423.8336700000001,25.22222222222222,0.9264048500000003,74.84121099999999,16.825846499999997,21.197496500000003,0.363003375,81.67822199999999
1.2999999999999972,4433.9956999999995,168.99999999999997,33.333940999999996,33.342089,137.9926,14.6,1445.98525,2537.4217500000004,86.06048000000004,423.16306000000003,26.2,0.8993567499999999,63.203251999999985,16.663026999999996,23.6150795,0.32769934,80.41978449999999
1.4000000000000057,4449.715399999999,185,33.008818,33.016886500000005,137.9926,15.5,2173.81645,2743.0446000000006,86.06048000000004,424.01052500000003,24.6,0.77733474,62.88827250000001,16.080554499999998,23.533653500000003,0.330931735,79.63067899999999
1.8000000000000114,4462.20625,120,32.81751799999999,32.825540000000004,137.9926,14.7,2869.7677500000004,2670.94935,86.06048000000004,422.35824000000014,23.1,1.08073985,65.19204,15.521847999999997,26.940934500000004,0.30432098500000004,77.93748599999999
1.4799999999999898,4458.19205,227.00000000000003,33.2421665,33.251994,137.9926,19.7,2685.73165,2411.7595,86.06048000000004,422.59476499999994,22.4,1.300868945,59.688876500000006,15.244681999999997,27.497481500000003,0.30074543499999995,79.11782149999998
1.3799999999999955,4433.392849999999,257.38461538461536,33.60039149999999,33.6086045,137.9926,24.7,2005.3933499999998,2494.2022999999995,86.06048000000004,421.62300999999997,21.7,0.6819343649999999,52.153527499999996,15.093376999999998,26.660562000000006,0.30043325,80.68029499999999
1.6800000000000068,4415.555150000001,214,34.2969,34.3132345,137.9926,24.95,2238.50235,2568.6671,86.06048000000004,421.036195,21.65,0.8060141699999999,57.92577149999998,15.1450995,25.478632499999996,0.301532965,81.7398135
1.1799999999999926,4451.317950000001,241,33.640988500000006,33.6556885,137.9926,25.2,2083.5309000000007,2538.5384500000005,86.06048000000004,420.88616999999994,21.6,0.958328495,62.6889805,15.314352499999998,28.4401715,0.29473212000000004,80.73943649999998
0.9799999999999898,4443.288500000001,242,33.5623085,33.56891399999999,137.9926,23.733333333333334,2387.0994000000005,2474.9688,86.06048000000004,420.9122100000001,21.866666666666667,-0.5196728700000001,57.87204650000001,15.288146500000002,28.825473999999993,0.29653195,80.85583349999999
1.5799999999999983,4453.156550000001,243,33.622101,33.6291155,137.9926,20.8,2308.97225,2481.7129,86.06048000000004,421.388345,22.4,-0.55485936,53.590672999999995,15.392047999999997,27.814789,0.29468189,80.87572250000001
1.5799999999999983,4411.9642,254.99999999999997,33.517353,33.524488,137.9926,21.4,1909.1722499999996,2587.1548500000004,86.06048000000004,420.63974499999995,22.2,-0.421120935,52.876162,15.251913000000002,27.419413999999996,0.29701776999999996,80.42315950000001
1.779999999999987,4471.84105,248.99999999999997,33.719733,33.727973999999996,137.9926,22,2108.3392000000003,2511.1906500000005,86.06048000000004,416.85312999999996,21.8,-0.442329215,50.551551,15.128712999999996,27.361492,0.29666331,81.2113345
1.1800000000000068,4413.48255,284,33.36885099999999,33.37609500000001,137.9926,24.3,2536.97855,2390.7870000000003,86.06048000000004,420.26599,20.4,-0.5879325599999999,50.728680000000004,15.0375945,27.6502585,0.3007896850000001,80.26958500000002
1.480000000000004,4428.471799999999,189,33.5995415,33.613359,137.9926,24.2,2720.4021,2483.36385,86.06048000000004,419.98328999999995,20,-0.6484615349999998,56.47360450000001,15.824101500000001,28.885073499999997,0.297561485,80.3929175
0.9799999999999898,4432.185950000001,310,32.878831,32.885019,137.9926,24.5,2165.726105,2635.7026499999997,86.06048000000004,415.03934499999997,22.6,-0.2976899249999999,58.91624449999998,16.1785995,26.403692999999997,0.29912069999999996,78.53498099999999
1.1799999999999926,4448.6684000000005,269,33.173154499999995,33.183628000000006,137.9926,24.2,2165.47265,2556.3088,86.06048000000004,420.51119499999993,21.8,-0.22038335299999998,51.8520485,15.808672000000005,26.6454515,0.29171233499999993,78.98561649999999
1.1799999999999926,4444.51225,275.53846153846155,33.1483325,33.15643299999999,137.9926,24.2,2297.0539999999996,2440.6490000000003,86.06048000000004,417.80243,21.8,-0.18560452999999996,53.47632,16.1844805,26.820055500000002,0.29649262,78.7579445
0.9799999999999898,4431.88615,254.99999999999997,32.8446455,32.850971,137.9926,24.2,2102.8525,2512.9052,86.06048000000004,413.08323,21.8,-0.52797827,53.499984999999995,16.231338500000003,26.4053725,0.30091180999999995,78.6805435
1.579999999999984,4427.690549999999,284,33.514945,33.523137999999996,137.9926,24.5,2228.3987,2534.1076000000003,86.06048000000004,422.46443,22.25,-0.4409388444000001,54.617197499999996,16.0273215,25.397208,0.30267324500000004,80.47744349999999
1.0799999999999983,4428.96525,248,33.272591,33.28072350000001,137.9926,24.65,2118.9225000000006,2497.59235,86.06048000000004,420.67023500000005,22.475,-0.087646172,51.95633150000001,16.2730545,25.302351,0.29932256500000004,78.91033150000001
1.3799999999999955,4438.825250000001,287,33.7377885,33.746035500000005,137.9926,24.8,2086.6458,2542.1314,86.06048000000004,424.46196,22.7,-0.12989568150000003,51.530428500000006,16.239411999999998,25.363629,0.2955106300000001,79.79067649999999
1.3000000000000114,4468.5287,279,32.231905,32.239140500000005,137.9926,26.3,1963.44905,2525.3635500000005,86.06048000000004,419.9638099999999,23.25,-0.39164428000000007,51.46783750000001,16.257463,26.6471295,0.295596445,76.926498
1.3000000000000114,4469.4917000000005,286.6923076923077,32.131344999999996,32.136602999999994,137.9926,27.8,2196.8609499999993,2547.8827499999998,86.06048000000004,419.57378500000004,23.8,-0.10581400509999998,49.068968,16.452615,27.071886499999998,0.298384345,6.340606450000001
1.1000000000000085,4426.370999999999,286.6442307692307,32.74025000000001,32.73359599999999,137.9926,27.5,2297.05,2598.8959999999997,86.06048000000004,421.288625,23.4,-0.0635642431,47.295811,16.1921745,27.1340055,0.300616335,29.192258
1.2000000000000028,4445.82645,286.59615384615387,32.725578999999996,32.7335765,137.9926,27.2,2142.3345,2575.1054,86.06048000000004,417.375035,23,-0.03981627175,48.407182,16.0723,26.758775500000002,0.2987675349999999,39.189854000000004
1.2000000000000028,4452.908699999999,275.44230769230774,32.797720500000004,32.80573700000001,137.9926,29.7,2215.75625,2653.0224999999996,86.06048000000004,417.1332799999999,21.9,0.125994012,45.106525999999995,16.0850835,26.3818695,0.29910613500000005,46.330994
1.2000000000000028,4461.135,263.6538461538462,32.6642419047619,32.672227142857146,137.9926,27.5,2543.951857142857,2631.4657142857145,86.06048000000004,423.3455142857142,22.8,-0.009898899904761902,56.109171904761915,16.340823333333336,27.61592285714286,0.3014311619047619,74.28855904761906
1.3000000000000114,4554.567550000001,262.4038461538462,32.791721,32.799737,137.9926,27.3,2160.172435,2580.5679,86.06048000000004,423.29440000000005,22.65,0.0658546775,58.37980950000001,16.1985385,26.942613,0.29757762500000007,76.40577449999999
1.7800000000000011,4501.164700000001,259.3846153846154,32.71185800000001,32.717673500000004,137.9926,27.3,2372.8975,2521.02645,86.06048000000004,424.88412000000005,22.7,0.031947589000000005,56.44762149999999,16.4874565,27.881105,0.29844007499999997,76.400874
1.1799999999999926,4548.875549999999,259.0384615384616,32.9113335,32.930898,137.9926,27.6,2268.85345,2541.4310499999992,86.06048000000004,421.469505,23.1,0.35806273999999993,54.80997900000001,15.986570500000003,26.622787000000006,0.299935045,76.183033
1.2800000000000011,4533.7785,258.69230769230774,33.072866999999995,33.0903745,137.9926,27.9,2287.3547,2648.3666000000003,86.06048000000004,421.9101349999999,23.5,0.303373335,56.560308500000005,16.189007,26.9484905,0.298144475,76.70253550000001
1.0799999999999983,4542.30805,261.7692307692308,33.164809999999996,33.171879000000004,137.9926,28.45,2225.2440500000002,2546.10285,86.06048000000004,420.32553499999995,23.1,-0.14255773105,54.759757,16.054138499999997,26.0192305,0.28413912499999994,77.3110495
1.3799999999999955,4526.91875,264.84615384615387,33.135442499999996,33.14354200000001,137.9926,29,1729.839,2715.6177500000003,86.06048000000004,421.84435999999994,22.7,0.23281461950000004,50.102539,16.365615000000002,26.167812500000004,0.28848775499999996,76.97944749999999
1.2800000000000011,4554.88865,260.9230769230769,33.0740085,33.082092,137.9926,28.6,1736.9779999999998,2686.7574999999997,86.06048000000004,421.65014,22.6,0.20917750500000004,43.437228,16.546940000000003,26.032661999999995,0.29473113000000006,76.77147400000001
1.6799999999999926,4569.74305,257,33.148351000000005,33.156724,137.9926,28.2,1877.59205,2757.96275,86.06048000000004,424.81569,22.5,0.3734867349999999,57.7746245,16.462111,26.241683000000002,0.28581761499999997,76.76720749999998
1.6799999999999926,4508.588849999999,262.99999999999994,33.1714305,33.179541,137.9926,27.2,2216.6305500000003,2678.03945,86.06048000000004,420.47200999999995,22.4,0.419778145,59.672463500000006,16.750018500000003,26.269382999999994,0.29612654000000005,76.95625649999998
1.2800000000000011,4553.6524,268.99999999999994,33.514489,33.522681,137.9926,26.2,2239.9526999999994,2644.0904,86.06048000000004,424.00640000000004,22.3,0.583864625,55.58769499999998,16.8459565,24.279913999999998,0.29657260999999996,77.922645
1.3000000000000114,4537.2219,250.49999999999997,31.9176345,31.922011499999996,137.9926,26.2,2051.0153,2649.34825,86.06048000000004,417.996425,22.3,0.3562271165,60.42645950000001,16.784338,25.863095999999995,0.29143637499999997,74.1011705
1.200000000000017,4549.948299999999,231.99999999999994,32.116381499999996,32.123817,137.9926,26.2,2272.1402500000004,2702.6287,86.06048000000004,418.32878500000004,22.3,0.6286358899999999,56.13820499999999,16.792665500000005,25.469397500000003,0.291383805,73.96206400000001
1.4000000000000057,4539.9755,300.857142857143,32.29745775,32.305352,137.9925999999999,24.599999999999998,1968.63165,2734.346725,86.06048000000007,420.5536500000001,23.8,0.8686658024999998,52.284368250000014,17.926149000000002,24.841918250000006,0.30369068749999995,75.26788624999998
1.2000000000000028,4499.32776923077,300.857142857143,32.25248564102564,32.262560512820514,137.9925999999999,24.599999999999998,1671.6933846153845,2724.9019487179476,86.06048000000007,421.8535820512821,23.8,0.2407800161538462,47.52836948717948,17.893294102564102,25.61793666666667,0.3024394794871796,74.93322974358973
1.5799999999999983,4505.276325,300.857142857143,32.05085824999999,32.05869275,137.9925999999999,24.599999999999998,1931.4906274999998,2639.793725,86.06048000000007,416.8861325,23.8,0.7126160325,55.98079849999999,18.459639250000002,24.995535750000002,0.3042141099999999,75.47457799999998
1.3000000000000114,4550.226824999999,241.285714285714,32.08365325,32.091496,137.9925999999999,21.000000000000004,2008.484575,2632.6375999999996,86.06048000000007,424.8766124999999,24.2,0.8062646049999997,57.10845349999998,18.294244499999998,24.940972,0.2987665374999999,75.4914225
1.2399999999999949,4544.897475,240.285714285714,32.13423075000001,32.14022775,137.9925999999999,21.200000000000003,2055.8914500000005,2761.890624999999,86.06048000000007,422.496245,23.4,0.7761203799999999,58.76246175,18.29542124999999,25.027015249999998,0.30202692999999997,75.59338650000001
1.2099999999999937,4576.862725,240.285714285714,32.30828000000001,32.31617825,137.9925999999999,21.200000000000003,2050.1375949999997,2654.2187249999997,86.06048000000007,418.3684975,23.4,0.8499372649999998,53.860760749999976,18.455526,24.944329500000002,0.30623779500000003,76.23649275
1.2099999999999937,4593.790625,240.285714285714,32.085322500000004,32.09404774999999,137.9925999999999,21.200000000000003,2169.7173,2582.174450000001,86.06048000000007,423.45919000000015,23.4,0.8377618850000003,52.90652200000001,18.015769249999998,25.042544,0.3006264775,75.73566525
1.1099999999999994,4554.910975000001,240.285714285714,32.21016349999999,32.21803724999999,137.9925999999999,21.200000000000003,1914.7364050000003,2743.0851000000002,86.06048000000007,421.20665250000013,23.4,0.9943866125000002,59.339012249999996,18.462634499999997,24.8473745,0.30350775,76.33106124999999
1.1000000000000085,4544.685474999999,214.14285714285703,31.3113765,31.319029999999998,137.9925999999999,21.900000000000002,1709.3738299999998,2768.99705,86.06048000000007,421.32786500000003,23.8,0.9967317175,68.73513625000001,18.300763499999995,24.688721,0.30390039750000003,74.17397075000001
1.5999999999999943,4596.748774999999,214.14285714285703,31.273517999999996,31.28426675,137.9925999999999,21.900000000000002,2023.1199674999993,2663.0548499999995,86.06048000000007,419.2995025,23.8,0.9933388299999999,67.54633549999998,18.399454249999998,24.581692749999995,0.3034656049999999,74.28023725
1.1000000000000085,4608.003524999998,214.14285714285703,31.111507,31.119111999999994,137.9925999999999,21.900000000000002,2243.9138749999997,2777.0136250000005,86.06048000000007,417.69085000000007,23.8,0.8546412324999997,67.78866325,18.211742250000004,24.55986649999999,0.30226282250000003,73.54434099999997
1.2000000000000028,4581.179025,259.714285714286,31.219079250000004,31.229812750000008,137.9925999999999,24.299999999999997,1839.2564750000001,2789.6354249999995,86.06048000000007,422.12762750000013,20.6,0.9268867924999998,66.68373824999998,18.0044735,25.06604875,0.29805956750000007,73.74157075000002
1.2000000000000028,4630.292549999999,259.714285714286,31.129066,31.136830000000003,137.9925999999999,24.299999999999997,2187.84285,2819.4769249999995,86.06048000000007,421.895395,20.6,0.8790566550000001,65.76435025000004,17.85145775,24.845695749999997,0.29661495000000004,73.14147750000001
1.3000000000000114,4607.2966000000015,279.571428571429,30.559617250000002,30.567086750000005,137.9925999999999,24.299999999999997,1762.3839500000001,2818.9674250000003,86.06048000000007,419.4297699999999,19.1,0.8870285000000002,64.360135,17.664983,24.95524275,0.29560223500000005,71.78617875000002
1.0999999999999943,4625.50305,279.571428571429,30.355637750000007,30.365912499999997,137.9925999999999,24.299999999999997,2208.476,2809.53195,86.06048000000007,420.28702250000003,19.1,0.773524815,69.51332199999999,17.685200000000002,24.4289145,0.29865383999999995,71.0593375
1.0999999999999943,4630.766549999999,279.571428571429,30.490752250000003,30.497488249999996,137.9925999999999,24.299999999999997,1870.1279000000002,2826.4573,86.06048000000007,419.03860000000003,19.1,0.7654140525,66.0504565,17.332677999999998,23.878662249999998,0.30354501749999996,70.14120275
1.0999999999999943,4612.5714,248,30.387527749999986,30.395121,137.9925999999999,20.6,2148.5357000000004,2779.4797749999993,86.06048000000007,421.34873500000003,23.5,0.656953235,67.47340500000003,17.323932250000002,24.373512250000005,0.29981304000000003,69.85520125
0.9000000000000057,4650.4894,248,30.344813250000005,30.352231,137.9925999999999,20.6,2094.0994250000003,2798.9120000000003,86.06048000000007,418.3919425,23.5,0.827685975,71.0339975,17.157991249999995,24.0964975,0.30258714000000003,69.92241475
1.4000000000000057,4641.251075000001,248,30.3666695,30.37409225,137.9925999999999,20.6,2222.410475,2867.0699749999994,86.06048000000007,419.918945,23.5,0.7149703575,70.957182,17.109446749999996,24.38652249999999,0.3111442575,69.81369949999998
1.6000000000000085,4639.232924999999,248,30.541995749999995,30.549460749999998,137.9925999999999,20.6,2234.5199499999994,2644.651325,86.06048000000007,415.12115250000005,23.5,0.8255356775000002,76.7745745,16.89583725,24.116223999999995,0.31031753749999996,70.22544975000001
1.509999999999991,4678.8814,248,30.735585500000003,30.742204750000006,137.9925999999999,20.6,2677.4615000000003,2649.5961750000015,86.06048000000007,420.29999,23.5,0.6874406375,71.58919100000001,17.257591249999997,23.69776375,0.3078026024999999,70.50102449999999
1.3100000000000023,4696.650699999999,248,30.730875000000005,30.738386499999997,137.9925999999999,20.6,2640.8316999999997,2695.4879499999997,86.06048000000007,421.1138325,23.5,0.6106065250000001,70.22764774999999,17.163764,23.801855000000007,0.30136964749999995,70.63424999999998
1.3100000000000023,4585.1034500000005,248,30.82531025000001,30.83284425,137.9925999999999,20.6,2320.57335,2822.533275,86.06048000000007,418.70063250000004,23.5,0.9053726624999998,62.64920799999999,16.635677999999995,24.418002250000004,0.30720245749999997,70.62985224999997
1.8100000000000023,4637.490000000002,172.42857142857102,30.979081249999997,30.979480750000004,137.9925999999999,17.200000000000003,2372.139775,2853.6144500000005,86.06048000000007,418.03082750000004,23.5,0.8016111924999999,67.50610974999998,16.44863375,23.849283499999995,0.2988074375,70.81791725000001
1.509999999999991,4656.329875,172.42857142857102,30.858019000000002,30.865561499999995,137.9925999999999,17.200000000000003,2464.1719249999996,2759.7795749999996,86.06048000000007,423.3274125,23.5,0.7355946274999998,67.3634385,16.513323000000003,24.022627250000006,0.2997750600000001,70.860846
1.509999999999991,4618.10685,172.42857142857102,31.26097175,31.2686145,137.9925999999999,17.200000000000003,2057.1085924999998,2743.46785,86.06048000000007,416.8673725,23.5,0.9680704249999998,68.2152615,16.03676125,24.242559749999995,0.2984388224999999,71.47227499999998
1.7099999999999937,4618.286725,172.42857142857102,31.373038,31.3807075,137.9925999999999,17.200000000000003,2267.1255249999995,2748.066625,86.06048000000007,420.1040399999999,23.5,0.7363271899999998,69.29124550000002,15.791671999999995,24.376449749999995,0.30218367249999994,71.60110074999999
0.8100000000000023,4620.063900000002,172.42857142857102,31.575014,31.582731750000004,137.9925999999999,17.200000000000003,2334.5304500000007,2801.8808499999996,86.06048000000007,422.1648550000001,23.5,0.5721294975000001,60.964720249999985,15.459475000000001,24.2106605,0.30087484749999993,72.245384
1.4099999999999966,4618.1127,153.42857142857102,30.014760250000002,30.022097499999994,137.9925999999999,17.6,2411.5112500000005,2847.482275,86.06048000000007,417.92975750000005,23.9,0.5918546374999998,74.78284775,15.48790625,23.517284999999998,0.2991348724999999,68.45242525
1,4630.181625,153.42857142857102,29.869042749999995,29.87634349999999,137.9925999999999,17.6,2129.006625,2793.7107999999994,86.06048000000007,422.34460750000005,23.9,0.7766023825,62.19749024999999,15.052205750000004,23.653693250000003,0.3030061475,67.87090275000001
0.20000000000000284,4603.3585,153.42857142857102,30.271819750000002,30.279219250000004,137.9925999999999,17.6,2134.35395,2816.4837500000003,86.06048000000007,417.02970500000004,23.9,0.71819623,64.5926425,14.99457625,24.146024,0.30229107,68.74237899999999
1.5100000000000051,4636.9857,126.857142857143,30.337264750000003,30.34468025,137.9925999999999,18.8,3152.4495,2414.9010499999995,86.06048000000007,422.4917049999999,22.3,0.6609126649999999,65.29709025,15.050189250000003,23.87532775,0.30014505999999996,68.97106049999998
1.509999999999991,4611.111125000001,126.857142857143,30.275027,30.285332250000003,137.9925999999999,18.8,2710.82445,2327.8828999999996,86.06048000000007,420.99762499999997,22.3,0.7854640450000001,67.84852825,14.685441749999999,23.45726525,0.29882058999999994,69.00838300000001
1.2099999999999937,4621.404975,126.857142857143,30.525008249999996,30.532470000000007,137.9925999999999,18.8,2813.7504,2363.0879499999996,86.06048000000007,416.2227775000001,22.3,0.74741336,77.42338675000002,14.6009675,23.47195525,0.29821730750000003,69.66192325
1.5,4649.509674999999,99.57142857142861,30.459712999999994,30.467158250000004,137.9925999999999,22.6,2810.0111750000005,2358.7704249999997,86.06048000000007,419.5020624999999,20.5,0.7597414025000001,73.153605,14.427889750000002,23.580661499999998,0.3012921899999999,69.36247200000003
1.210000000000008,4614.89935,99.57142857142861,28.955133749999995,28.962211500000002,137.9925999999999,22.6,2868.7912750000005,2241.5271000000002,86.06048000000007,416.526295,20.5,0.7715971124999998,73.57477975000002,14.215237250000001,22.56074475,0.28697530250000003,67.31465075000003
1.4000000000000057,4637.519574999999,99.57142857142861,28.089088499999992,28.095954499999998,137.9925999999999,22.6,2446.9746750000004,2321.161225,86.06048000000007,422.3221775,20.5,0.9282401025,56.763132,14.332515999999998,22.284570249999994,0.3206832774999999,64.33014550000001
1.8000000000000114,4641.032550000002,99.57142857142861,28.149973750000004,28.156854250000002,137.9925999999999,22.6,2823.2619250000002,2374.158425,86.06048000000007,420.2651525,20.5,0.6767340875,79.94007699999997,14.12660225,20.60947,0.2986798825,63.66196575
1.1000000000000085,4659.2119,99.57142857142861,27.988199750000007,27.994440000000004,137.9925999999999,22.6,2474.08155,2765.53085,86.06048000000007,423.43821749999995,20.5,0.611153335,74.03131925000002,13.9564045,21.249122000000007,0.29919051500000005,63.18177699999999
1.809999999999988,4672.216600000001,126.571428571429,28.418622999999997,28.42557025,137.9925999999999,18.900000000000002,3209.1848249999994,2517.782325,86.06048000000007,419.9160475,24.8,0.6983690125,62.267603250000015,13.360853999999998,21.047657000000005,0.30068213999999993,64.21539775000001
1.3200000000000074,4579.486800000001,126.571428571429,27.675084999999996,27.681850249999997,137.9925999999999,18.900000000000002,2129.5953500000005,2599.0248499999993,86.06048000000007,422.26994750000006,24.8,0.7375816625000001,70.03046025,13.453524000000005,22.11622175,0.31899742000000003,62.48597925
1.8200000000000074,4588.138200000002,126.571428571429,28.18061775,28.18750675,137.9925999999999,18.900000000000002,2475.2108,2670.6264250000004,86.06048000000007,422.94936999999993,24.8,0.8481250650000002,67.40904150000001,13.182078999999996,22.07764775,0.28564866,63.759420750000004
1.4200000000000017,4579.2814499999995,307.571428571429,29.693669500000006,29.684270000000005,137.9925999999999,20.7,1624.4233824999997,2635.4128250000012,86.06048000000007,429.4929925,23.3,0.70971782,63.92393575000001,12.782872999999997,11.475610750000003,0.35284887499999995,70.01949425
1.4200000000000017,4557.95145,307.571428571429,29.563324,29.555883,137.9925999999999,20.7,2531.8786499999997,2676.473750000001,86.06048000000007,425.3549475000001,23.3,0.6769938875,71.28697950000002,13.941626750000001,16.10588275,0.3154013199999999,67.98854549999996
1.3199999999999932,4541.075325,313,29.720779500000003,29.722325249999994,137.9925999999999,22.800000000000004,2663.98,2630.9973750000004,86.06048000000007,419.07556000000005,20.4,0.7142196924999998,61.16171075000001,12.239852499999998,18.48821,0.28799699500000003,67.27834599999997
1.4200000000000017,4529.445274999999,313,28.934369499999995,28.942198999999995,137.9925999999999,22.800000000000004,2518.19585,2488.0827,86.06048000000007,420.16158750000005,20.4,0.87419961,61.01796399999999,11.907992750000002,21.393504749999998,0.28813487999999987,65.53053400000002
1.1200000000000045,4406.1194749999995,313,28.878176750000005,28.869769,137.9925999999999,22.800000000000004,3138.2745999999997,2421.749175,86.06048000000007,419.84398250000004,20.4,0.6804512824999999,63.80355999999999,10.835867600000002,22.003776999999996,0.28679311249999995,65.5037815
1.220000000000013,4416.90375,312.571428571429,28.253841750000003,28.275755999999994,137.9925999999999,23.500000000000004,2754.8758499999994,2240.6198000000004,86.06048000000007,419.15958750000016,20.2,0.6914449100000001,54.62551450000001,10.199042024999999,20.343788,0.2896424000000001,63.94199299999999
1.0200000000000102,4418.414999999999,312.571428571429,24.395065999999996,24.39500975,137.9925999999999,23.500000000000004,2161.745325,2525.3144,86.06048000000007,417.61093500000015,20.2,0.414846755,51.0884835,9.890028549999998,20.562462000000004,0.29466634999999997,54.70369700000001
1.3100000000000023,1085.1587799999998,225.857142857143,23.133899250000002,23.136337999999995,67.13599275,24.8,1685.0749874999997,2725.6620999999996,47.28922444999999,424.0744675000001,22.7,-0.5053238925,45.6998115,2.032304795,17.703754999999997,0.24250697000000004,54.354543249999985
1.2099999999999937,1073.6681627499997,225.857142857143,23.084805500000005,23.090447750000003,65.03146250000002,24.8,2549.5652250000003,2579.2209250000005,43.0944399475,414.81013249999995,22.7,-0.26896409750000005,44.726423,1.4412565894999998,17.418765,0.24295291499999996,54.15805500000001
1.1400000000000006,1120.7277525000002,208,22.754117750000002,22.759513500000004,63.62843949999999,18.299999999999997,1984.2420250000002,2473.0677,58.190294599999994,419.14572749999996,24,-0.36057330750000005,43.34982049999999,1.6998179490000005,17.931662,0.23524177499999993,53.3936645
1.009999999999991,1294.7788375000005,208,22.8364745,22.840394999999994,62.225417000000014,18.299999999999997,1974.87915,2697.543475,58.350267800000005,418.9068450000001,24,-0.6424039975,46.2177215,1.36714789925,17.46997,0.2392850925,53.647598499999994
1.009999999999991,1163.5404400000002,208,22.651605249999996,22.655788749999996,60.12088349999999,18.299999999999997,2186.5348750000003,2409.5191999999997,48.4324579725,422.7868500000001,24,-0.5875246974999999,45.468835500000004,1.7088084025,17.658215249999998,0.24514241,53.19335650000001
1.5100000000000051,1042.6107585000002,254.428571428571,22.745567749999992,22.759228999999994,58.71786275000001,22.1,2150.958325,2521.09755,50.115839257,419.42448749999994,23.1,-0.6126493574999999,46.890092,2.4374112675,17.613095750000006,0.24170878250000008,53.35281149999999
0.6099999999999852,1006.0669700000001,254.428571428571,22.987942750000006,23.00471975,57.31484099999999,22.1,1650.0646199999996,2583.0206499999995,49.402885805,419.63134499999995,23.1,-0.4995675599999999,45.565941499999994,0.8380769140000004,17.196314749999992,0.2486645924999999,54.07427425000001
1.009999999999991,974.1653249999999,254.428571428571,23.03696625,23.048669000000007,55.21030975,22.1,2032.83635,2406.8760249999996,48.085436625,421.9595575,23.1,-0.5126838149999998,43.95071900000001,1.1723805165,17.321810000000003,0.24007179250000005,54.11558975000001
1.1099999999999994,1083.526885,232.571428571429,23.2294385,23.23487625,53.807288500000006,18.099999999999998,1774.0319749999999,2649.763325,44.80960772499999,420.5553100000001,25.8,-0.52392928,45.212621999999996,1.3895877857499994,17.116987000000005,0.255464,54.647488250000016
0.980000000000004,964.3191999999999,232.571428571429,23.226083250000006,23.23176075,52.40426725000001,18.099999999999998,1787.65675,2625.8083,41.441234025000014,419.8446175,25.8,-0.47829435,44.79663225,1.296851025,17.101877749999996,0.24690310750000002,54.53463025
0.9399999999999977,987.3240124999996,232.571428571429,23.437938499999998,23.431034500000003,50.299735749999996,18.099999999999998,1774.4104749999995,2699.3175999999994,46.75818029949999,422.3903375,25.8,-0.4810705575,44.72977075,1.4375539557500001,17.085298499999997,0.24645777750000003,55.119315500000006
0.9200000000000017,1017.2539724999999,232.571428571429,23.491630499999992,23.521458,48.89671450000001,18.099999999999998,1688.4119999999998,2558.6827499999995,44.211681622499995,421.90304249999997,25.8,-0.4582132925000001,45.50130125,1.4000845859999997,17.000220750000004,0.24199840250000001,55.354180500000005
1.7199999999999989,1022.5591350000001,232.571428571429,23.281757250000005,23.280473500000006,47.493692749999994,18.099999999999998,1668.78295,2686.6893499999996,46.83775624999999,423.60288,25.8,-0.51607641,44.84172100000001,1.4838280210000003,16.9826785,0.24957414749999995,54.819128250000006
1.210000000000008,903.9400725000003,232.571428571429,23.824689250000002,23.81561525,45.38916125000001,18.099999999999998,2093.7792,2690.3327750000003,42.6068031,420.7535924999999,25.8,-0.3007524299999999,42.51622325000001,0.9094192699999999,17.279167000000005,0.2489308999999999,56.19256674999999
1.0400000000000063,1042.9788750000002,232.571428571429,23.855187750000002,23.847643249999997,43.986139,18.099999999999998,2010.4464749999995,2534.7541749999996,44.282388950000005,421.19465499999995,25.8,-0.3811188550000001,41.89239125,1.1815788457500003,16.81017275,0.25186501,56.30540824999999
1.1399999999999864,1018.0118975000003,231.42857142857102,23.793115249999996,23.808194250000007,42.58311774999999,23.400000000000002,2534.8301,2228.9169750000005,46.470546649999996,422.3803974999999,26.2,-0.3267169025,41.93425225000001,0.5192240317500001,16.8718715,0.24873379,56.21231325000001
1.0400000000000063,1014.622635,231.42857142857102,24.084385250000004,24.088733750000003,40.4785835,23.400000000000002,2177.5577000000003,2211.85985,45.87586164500001,417.61371499999996,26.2,-0.45803899500000006,42.031200000000005,0.7172366849999999,16.996947749999997,0.23367711000000005,56.422962999999996
1.1400000000000006,1025.6246425,231.42857142857102,23.99978075,24.008674,39.07556275,23.400000000000002,1870.5876,2658.087675,49.17758962499998,422.0244825,26.2,-0.6473009475,53.90091675,0.48830025875,16.36367574999999,0.25359312999999994,56.79694924999999
0.539999999999992,1034.9897775,231.42857142857102,24.325651500000003,24.321275,37.67254225,23.400000000000002,1752.9571749999996,2495.5891500000007,46.3161281,420.8928350000001,26.2,-0.171501308,55.931638499999984,0.5547120124999999,17.022340250000003,0.23211718000000006,56.94803099999997
1.3399999999999892,1029.0157575,231.42857142857102,24.146335249999993,24.152295249999998,35.56801,23.400000000000002,2205.00575,2410.97725,46.44874933749999,422.7686675,26.2,0.0016271907250000003,52.858654750000014,0.9782496992499998,16.491606249999997,0.2427649524999999,56.93389575000001
1.2399999999999949,1045.6068524999998,231.42857142857102,24.350858500000005,24.362208250000002,34.16498875,23.400000000000002,2020.3387750000002,2650.583925,47.15112887500001,419.3805800000001,26.2,0.04923482525,43.23117325000001,0.9046339949999999,16.390453,0.2426050075,57.39878725
1.4399999999999977,1015.9671099999999,231.42857142857102,24.2481425,24.252127999999995,33.11272275,23.400000000000002,1864.96755,2497.9519250000008,46.1720265,422.44017249999996,26.2,-0.400885755,46.30748125000001,1.6235185,16.616262499999998,0.25750683750000003,57.312167249999995
1.0400000000000063,1009.0809225000003,188.428571428571,24.37399,24.379947500000004,30.65743550000001,24.200000000000003,2003.6013749999995,2576.946725,50.52203045,420.34974250000005,23.5,-0.24433537425,39.8707645,1.5654445275,18.106684750000007,0.22973284499999994,56.589983000000004
1.0400000000000063,950.2861899999996,188.428571428571,24.354589500000003,24.360542750000004,29.254415,24.200000000000003,1789.5281249999996,2522.7987749999998,39.63546722499999,417.33743000000004,23.5,-0.4454807875000001,45.13555925000001,1.4275269525000005,17.831559,0.2277246725,56.63040799999999
0.4399999999999977,1155.0437477500002,188.428571428571,24.461845249999996,24.467824,27.85139375,24.200000000000003,1272.6277825,2388.3823,45.52283355,420.38454000000013,23.5,-0.14312315575,47.93226375,1.7094450250000004,16.828640499999995,0.2520202100000001,57.751570500000014
1.1399999999999864,1031.6853925000005,162.28571428571402,24.722075500000003,24.726874000000002,25.746861000000003,23.900000000000002,1265.2549075000002,2760.1564499999995,39.469160314999996,421.0785900000001,21.3,-0.10000809649999998,48.117371000000006,2.1297460999999998,17.63114325,0.24235449250000002,57.98147274999999
1.1400000000000006,974.3548799999999,162.28571428571402,24.532708250000002,24.53870525,24.343840250000003,23.900000000000002,2820.995025,1267.0231249999997,39.88958305,417.59363749999994,21.3,-0.06923078410000001,48.60607475,2.531323549999999,16.346243250000008,0.2704735275,57.989564749999985
1.1400000000000006,1002.2655699999999,162.28571428571402,25.043003499999998,25.049125749999995,22.940819,23.900000000000002,565.64385375,4.1022075000000005,41.00822015000001,421.3343325000001,21.3,-0.10303780792499999,47.30076100000001,2.262565025,16.277065999999998,0.30203874499999994,59.69264575
1.3399999999999892,1525.1294225,167,22.418753249999998,22.41536775000001,0,21.5,61.56109074999999,507.10132999999996,54.18059357500001,424.51770499999986,21.5,0.4196343450000001,42.49994875,2.284290975,22.8067,0.27796365750000007,0.32063552000000006
0.9399999999999977,1394.4448949999996,167,24.156319250000003,24.161367000000002,0,21.5,186.47686027499998,551.0165475,41.398059785,423.82261249999993,21.5,0.3853236049999999,43.582717,1.641043675,23.597871499999993,0.2618003724999999,0.31666538999999994
1.3400000000000034,2844.7812249999993,167,26.44188375,26.443001000000002,0,21.5,979.56494,280.10015,39.542584425,423.4962499999998,21.5,0.6549511675,43.36244950000001,0.6761727525000001,24.028083499999997,0.25794901000000003,0.31900294500000004
1.509999999999991,1821.1897925,307.285714285714,26.338182249999996,26.335995500000003,0,25.9,2507.835575,2518.076625,47.019234325,424.3748775000001,20.5,0.4914673650000001,38.898608499999995,0.03292547475,23.57226875,0.24902417999999998,0.315830565
1.509999999999991,2027.41901,307.285714285714,26.597752499999995,26.603465500000006,0,25.9,1836.2217875000001,2683.0167,42.836385424999996,425.837385,20.5,0.5635644900000001,39.77930650000002,1.1908694775,22.95402175,0.26380986999999995,0.31761154999999996
0.7099999999999937,1953.3301625,307.285714285714,28.266832500000003,28.27991899999999,0,25.9,1870.5500775000005,2627.149825,31.581766194999993,426.2645124999999,20.5,0.46872959499999994,39.16708249999999,1.259736818,22.703029250000004,0.26341474750000016,0.3097640775
0.710000000000008,1924.4375524999996,244.00000000000003,28.466722249999997,28.464463249999994,0,24.2,1565.8835099999997,2641.7593500000003,38.0078355198,423.8830275,20.7,0.271375165,39.34674499999999,1.4276579750000002,24.342871999999996,0.25145221249999994,0.3283160174999999
1.2099999999999937,1912.2767625000004,244.00000000000003,28.464076000000006,28.468138000000003,0,24.2,1719.9525475000003,2651.7374999999997,39.97976237500001,424.5822825,20.7,0.5313904924999999,46.59892825,1.3612729749999999,23.539530499999994,0.2575964399999999,0.31605317750000006
1.009999999999991,2081.535675,244.00000000000003,29.561942250000005,29.57149475,0,24.2,2182.888750000001,2739.961725000001,35.321383795,426.9946974999999,20.7,0.5192477537499999,47.082312749999986,2.3303659975,23.66460525,0.24535301999999995,0.31464323249999987
1.4099999999999966,2197.3793799999994,253,29.683109749999993,29.67921825000001,0,26.700000000000003,1841.106305,2711.9754000000003,34.933745675,425.40775,18.4,0.6059717475,50.794877,0.21729961750000007,24.273199750000003,0.24559337999999994,0.31128533
1.1099999999999994,2120.289415,253,29.685361249999993,29.694372250000004,0,26.700000000000003,2512.7801,2520.9241999999995,40.331687275000014,425.53158500000006,18.4,0.5337821425,45.76527049999999,4.868687175,23.527777999999998,0.243074675,0.3089848975
1.3100000000000023,1985.1544650000003,253,29.517974500000008,29.527255000000004,0,26.700000000000003,2201.862775,2628.220775,40.9379435,425.75741499999987,18.4,0.5402519825000001,48.126029,3.5840404500000007,23.4236865,0.2438267975,0.31301066749999995
1.4099999999999966,2032.7237150000005,288.857142857143,29.404021,29.414103250000004,0,22.000000000000004,1921.276115,2664.2067250000005,36.713388050000006,425.5142225000001,19.7,0.4450648549999999,48.115967500000004,0.05187027425,23.665026749999996,0.24597029999999992,0.312936465
1.2099999999999937,2039.7321499999998,288.857142857143,29.332073,29.343873749999993,0,22.000000000000004,2307.2377000000006,2499.1690750000002,38.6201278,426.36033749999996,19.7,0.4874628024999998,43.088871999999995,1.2060502355,23.750228749999998,0.24117314500000003,0.3123427925
1.3100000000000023,2178.3926425,288.857142857143,30.017366,30.024734500000005,0,22.000000000000004,1957.8448924999998,2593.1297999999997,36.03441585000001,426.30757750000004,19.7,0.5493176100000001,45.12211375000001,3.0777776374999997,21.501793,0.2432617325,0.3075934975
1.4099999999999966,2196.9167499999994,288.857142857143,29.54688625,29.546271249999997,0,22.000000000000004,1938.7468724999999,2674.8567500000004,36.09915312500001,423.8317075,19.7,0.510793925,45.097225,6.642361175000002,23.49210175,0.23466114750000006,0.31440205500000007
1.4099999999999966,2143.01225,310.714285714286,29.14105624999999,29.146767999999998,0,27.2,2011.9384400000004,2418.1917999999996,37.843640175000004,424.6644225000001,22.3,0.506372475,45.8584345,6.840374749999998,24.113285999999995,0.23235209500000006,0.3067586575
1.309999999999988,2104.94336,310.714285714286,29.663963000000003,29.666438500000005,0,27.2,1737.3482025000005,2612.751625,35.54265325,422.41455499999995,22.3,0.4396605800000001,52.13523250000001,8.646222524999999,23.414453499999997,0.23467982250000002,0.3177599625
1.1099999999999994,2172.9556825000004,310.714285714286,29.519499500000002,29.51623225,0,27.2,1559.573755,2684.386525,38.0584081,423.0661325000001,22.3,0.6249463399999999,37.080178999999994,8.784778599999997,23.741414749999997,0.24791425750000004,0.31213884499999994
1.4099999999999966,2040.0368624999999,310.714285714286,28.894654250000002,28.917465999999997,0,27.2,1902.8475624999999,2732.6472499999986,37.97419337500001,424.76842750000003,22.3,0.401072395,44.68853324999999,13.526317500000005,23.547925,0.23565615000000006,0.31341881499999996
1.0100000000000051,2574.2192999999997,354.99999999999994,28.819938500000006,28.828373749999997,0,27.6,1841.2399974999996,2582.612899999999,34.35867675,424.68239499999993,21.5,0.5326512499999999,47.9396625,13.971981999999997,21.659607749999996,0.26840512,0.31796416499999997
1.009999999999991,2059.1435500000002,354.99999999999994,28.647164500000002,28.6347145,0,27.6,1845.5007275000003,2584.396600000001,42.96667970000001,427.3273299999999,21.5,0.357552435,49.91271400000001,14.558112750000001,21.60840175,0.2666304825000001,0.31629448000000004
1.1199999999999903,1544.0679499999999,354.99999999999994,28.826691999999998,28.83495425,0,27.6,1590.6125500000003,2883.718275000001,41.093137989999995,425.64189500000003,21.5,0.371274405,52.8853885,14.864723000000003,20.696982,0.27482187750000003,0.3222928500000001
1.1200000000000045,6047.930100000001,354.99999999999994,29.529275250000005,29.527483,0,27.6,2226.194965,2185.17655,36.68975769999999,427.09298499999994,21.5,0.5216484100000001,45.039835999999994,14.808686499999997,21.090469249999998,0.2665354525,0.3138640550000001
1.1400000000000006,1779.0338624999993,225.99999999999997,29.323178750000004,29.338381750000003,0,26.1,2141.5509700000002,2232.805375000001,54.822296025,427.9795575000001,20.9,0.33894916750000015,33.020716500000006,14.799713000000002,20.774839250000003,0.26853166750000007,0.311823345
1.1400000000000006,1810.1397575000003,225.99999999999997,30.136954249999995,30.1471345,0,26.1,1856.0054100000002,2510.933375,40.822951525000015,426.4353575,20.9,0.3254436525500001,39.791434749999986,14.991889999999998,19.51988025,0.27054933000000003,0.317129195
1.2199999999999989,2225.8540000000003,225.99999999999997,29.5250725,29.53841325,0,26.1,1945.4287249999993,2365.233225,36.70639125000001,424.66096749999997,20.9,0.35404885250000007,36.69836074999999,14.992122,21.513965000000006,0.25311865750000007,0.31102561249999994
1.2199999999999989,1976.5793324999995,213.142857142857,29.51411375,29.52019775,0,26.900000000000002,1944.7036475,2113.572525,31.103833950000006,424.6327049999999,22.3,0.355772893375,37.40255124999999,14.932159749999997,21.061088,0.253403175,0.30840978499999994
1.3199999999999932,1703.2977175000003,213.142857142857,28.19894375,28.1983835,0,26.900000000000002,2346.293825,2146.5510750000003,34.83585975,425.14753249999984,22.3,0.5137417799999999,43.95361324999998,14.906659,22.4616915,0.23507228750000003,0.3131776325
1.2199999999999989,1955.8845699999997,213.142857142857,29.278307500000004,29.279651250000008,0,26.900000000000002,1995.0405750000004,2261.7764500000003,27.402321200000006,425.503145,22.3,0.616038555,45.15080425,14.901342250000003,21.951731499999998,0.25126348750000005,0.3146432375
1.1200000000000045,1949.3701825000007,213.142857142857,29.87854625000001,29.887311999999998,0,26.900000000000002,2260.6367750000004,2157.7518999999998,35.687368225,424.9128575,22.3,0.6525596425000002,35.945877499999995,14.600343999999998,22.371033,0.25356971999999994,0.3058681625
0.9200000000000017,1638.5837500000002,261.857142857143,31.054701249999994,31.062322249999987,0,22.3,2100.6785025,2118.9642,36.6127942625,426.2799725,23.8,0.4951565975,37.744516000000004,14.775968999999998,22.133890749999996,0.275681645,0.30933740249999997
1.2199999999999989,1897.8596499999999,261.857142857143,30.09840725,30.0900205,0,22.3,1595.8175250000002,2094.2589750000006,38.752900249999996,421.2817724999999,23.8,0.1519195825,37.16234249999999,15.2412685,21.1279595,0.26019518500000005,0.31887909999999997
1.4200000000000017,1857.7707524999992,261.857142857143,31.660575750000003,31.66233549999999,0,22.3,2735.9866749999997,2117.2458750000005,38.11317513249999,426.37039999999996,23.8,0.45621608174999995,41.96713375,14.690449000000001,20.883967000000002,0.2505171125,0.30681431999999986
1.3200000000000074,1796.3994224999994,261.857142857143,31.910837249999997,31.91793225,0,22.3,2819.136225,2044.3878000000004,30.031410124999997,426.7596275000001,23.8,0.5377308675000001,42.43828000000001,14.466678000000002,20.576732749999994,0.24934281499999997,0.31084008750000003
1.019999999999996,1880.7770175,194.142857142857,32.19795899999999,32.1856715,0,24.000000000000004,2492.6245750000003,2069.6310499999995,29.221239390000004,425.63871,20.2,0.41645019424999996,38.924246,14.818961500000004,20.423955499999998,0.2530812775,0.30642472
1.3200000000000074,1967.6046325,194.142857142857,32.28057350000001,32.29163,0,24.000000000000004,2010.8370250000003,2392.1347,42.21802595,424.41275750000005,20.2,0.46867414499999993,38.2732625,14.454689249999998,21.36958225,0.2405409374999999,0.30167542249999996
1.3200000000000074,1899.6827100000005,194.142857142857,32.170790999999994,32.17905925,0,24.000000000000004,1790.2612749999996,2449.09115,37.58218599999999,426.15927,20.2,0.3946485799999999,36.3292555,14.807376249999999,20.531823749999994,0.25220486000000003,0.30423559499999997
1.3200000000000074,1851.7525299999993,194.142857142857,32.451271500000004,32.460190000000004,0,24.000000000000004,1895.4853249999996,2223.221850000001,34.875517795,425.67627250000004,20.2,0.5816398675000001,47.80547449999999,14.564443000000002,20.841155500000006,0.25098471750000007,4.7509448249999995
1.3200000000000074,1772.3060999999998,181.00000000000003,32.40207250000001,32.41190324999999,0,19.7,1915.7202899999997,2329.7945499999996,34.029203075000005,426.3070300000001,21.3,0.5602553549999999,46.766628000000004,14.756841,19.42292425,0.25790101750000005,1.5793158500000006
1.3200000000000074,1672.730655,181.00000000000003,32.62802975000001,32.63663825,0,19.7,1711.7808424999998,2671.3687999999997,36.09050044999999,426.157875,21.3,0.41627399249999997,44.57944775,14.101555249999999,19.402777250000003,0.25899311749999987,0.32662779749999993
1.3199999999999932,1675.6830700000003,181.00000000000003,31.90026175,31.908766249999996,0,19.7,1563.6450025,2637.390875,31.704389399999997,423.77366500000005,21.3,0.4805665975,41.436115750000006,14.630785499999996,21.077037249999993,0.24082357750000005,0.32369657500000004
1.1099999999999994,1683.6037000000001,284.142857142857,30.759132249999993,30.764086250000002,0,29.049999999999997,1906.9828249999998,2532.352725,32.03561312250001,424.6343149999999,19.39,0.464215585,45.52875674999999,14.979212749999999,19.757441,0.25200134249999995,61.87467625000001
1.3400000000000034,649.6376024999998,288.142857142857,26.774331749999998,26.720301499999998,0,26.96,1709.949475,2720.6406749999996,45.17886374999999,421.94433,21.15,0.2582946475,43.14092874999999,12.043527500000001,20.851649999999985,0.24908228250000003,55.634357499999986
1.3000000000000114,597.9643,253.42857142857102,26.434946250000003,26.385651249999995,0,26.5,1689.3863999999999,2732.1888,45.28236799999999,421.9331225000001,24.08,0.24895825000000005,43.324152749999996,11.828829249999997,20.851649999999985,0.24930596500000002,55.058816750000005
1.2000000000000028,546.2910200000001,253.42857142857102,26.095561500000002,26.051001249999995,0,26.5,1668.82335,2743.73705,45.38587149999999,421.92191500000007,24.08,0.2396218525,43.50737725,11.614130750000003,20.851649999999985,0.24952965,54.483275500000005
1.1000000000000085,468.78108499999996,253.42857142857102,25.58648275,25.549026249999994,0,26.5,1637.9787499999998,2761.0593,45.5411275,421.9050999999998,24.08,0.22561726,43.78221275,11.2920835,20.851649999999985,0.24986518249999995,53.619964249999995
1.1000000000000085,417.1077950000002,352.285714285714,25.247097250000003,25.214375999999998,0,31.05,1617.41565,2772.6074249999997,45.6446315,421.89388999999994,22.56,0.21628087000000001,43.965438,11.077385750000001,20.851649999999985,0.2500888725,53.04442350000001
1.1000000000000085,365.43451500000003,352.285714285714,24.907712750000005,24.87972575,0,31.05,1596.8526,2784.155575,45.748136,421.88268249999993,22.56,0.20694446999999996,44.14866225,10.86268775,20.851649999999985,0.25031255249999995,52.46888225
1.2000000000000028,287.92457000000013,352.285714285714,24.398633749999995,24.37775025,0,31.05,1566.0080249999996,2801.4777999999997,45.90339174999999,421.8658675,22.56,0.192939875,44.42349875000001,10.540640249999997,20.851649999999985,0.25064809250000003,51.605570750000005
1.2000000000000028,236.25129,343.428571428571,24.059248500000002,24.043100250000002,0,33.76,1545.4449499999998,2813.0260249999997,46.00689575,421.8546574999997,20.47,0.18360348,44.60672275,10.32594225,20.851649999999985,0.25087177499999996,51.030029
1.3000000000000114,184.57800500000002,343.428571428571,23.719863750000002,23.70845025,0,33.76,1524.881925,2824.57425,46.11039925000001,421.8434475000002,20.47,0.17426708749999997,44.789947500000004,10.111243749999996,20.851649999999985,0.2510954649999999,50.45448725
1,107.06806999999999,343.428571428571,23.210784999999994,23.206475500000003,0,33.76,1494.0373,2841.8964750000005,46.2656545,421.8266275000001,20.47,0.1602624975,45.06478324999999,9.789196524999998,20.851649999999985,0.25143098750000004,49.591175250000006
0.7000000000000028,55.394782750000005,296.714285714286,22.871399750000002,22.871825249999993,0,30.400000000000002,1473.474225,2853.4446500000004,46.369158,421.81542000000024,22.06,0.1509261025,45.248008,9.57449845,20.851649999999985,0.25165468250000006,49.015634
1.1000000000000085,3.7214935000000002,296.714285714286,22.532015,22.537174750000002,0,30.400000000000002,1452.9111249999999,2864.9927749999997,46.47266275,421.8042100000001,22.06,0.141589705,45.43123125000001,9.3598003,20.851649999999985,0.2518783600000001,48.4400925
1.1000000000000085,2107.0919925000003,296.714285714286,22.03048125,22.035866,0,30.400000000000002,2739.0360500000006,2700.0663,51.994742225,422.4271975,22.06,0.1193480933,45.257404500000014,9.037753100000002,20.852487,0.23470308250000005,47.69288099999999
1.3000000000000114,1992.9813000000001,252.142857142857,22.029070249999997,22.034455500000004,0,32.31,2528.080725,2565.807025,51.059214874999995,424.58317,22.18,0.007865615517499999,45.90833124999999,8.82305475,21.19959575,0.23807947500000007,47.86729100000001
1.1000000000000085,1919.9496250000004,252.142857142857,22.478654,22.47569849999999,0,32.31,4136.318825,2809.887675000001,61.67082725,421.02945,22.18,0.05559552999999999,43.504298999999996,8.608356500000003,20.22981,0.23679092499999999,47.955294
1.2999999999999972,1899.7048124999997,210.57142857142898,22.161641749999994,22.174792250000003,0,33.83,2713.1843,2703.5397000000003,47.2537625,421.75115000000005,21.89,0.16947703314999998,45.59627149999999,8.286309200000002,21.810706999999994,0.23873235250000008,47.5394905
1.200000000000017,1991.9271125000002,210.57142857142898,22.478547,22.471960000000003,0,33.83,2909.742525,2408.0023499999998,44.568179419749995,422.2250700000001,21.89,-0.19331673999999996,46.7084215,8.07161115,21.55048125,0.23917462500000003,47.56032525
1.3000000000000114,2083.9818325000006,210.57142857142898,22.29301025,22.304260999999997,0,33.83,2739.4042500000005,2565.411475,49.62945137499999,421.36959750000005,21.89,-0.1761962075,47.930381499999996,7.8569130000000005,20.908309749999997,0.23947664,47.982481500000006
1.2000000000000028,2079.262405,210.57142857142898,23.601859750000003,23.609143999999993,0,33.83,2761.2349000000004,2429.1695,47.469275149999994,422.9838349999999,21.89,0.12972999049999998,44.78175350000001,7.53486565,20.602334499999998,0.24100591750000003,51.44463499999999
1.0999999999999943,2124.1627474999996,210.57142857142898,23.54939075,23.546563499999994,0,33.83,2894.8577750000004,2401.4181249999997,46.13263592999999,422.4178975,21.89,-0.09621087385,45.347463,7.320167449999998,20.519231,0.23939676500000004,51.44567324999999
1.3100000000000023,2033.3849150000005,210.57142857142898,23.5241845,23.519727499999988,0,33.83,2638.1870249999997,2422.67205,47.97483226999999,424.86536250000006,21.89,-0.3592122674999999,48.453348000000005,7.105469374999998,21.141883250000003,0.2540611575000001,51.20501950000001
1.3100000000000023,1978.42029,275.285714285714,23.889458499999996,23.894883,0,27.470000000000002,2823.2621749999994,2438.80185,42.705934844999994,424.40581250000014,20.73,0.20260592075000003,46.9334825,6.783422024999998,20.623320749999998,0.2414675875,52.54224475000001
1.2000000000000028,2064.5164750000004,275.285714285714,24.041021249999996,24.048952249999996,0,27.470000000000002,2696.1558249999994,2379.384775,42.22319003250001,422.04159249999987,20.73,-0.5127115050000001,44.56274725,6.5687238500000005,20.956578000000004,0.2447113550000001,52.37961449999999
1.2000000000000028,1877.9147325000006,275.285714285714,23.932691499999997,23.9324995,0,27.470000000000002,2659.0279500000006,2146.80645,41.702111496,425.9092925,20.73,-0.31863865750000003,43.771271000000006,6.3540256500000005,21.359089,0.24031154750000008,52.11390875000002
1.279999999999987,1954.166455,275.285714285714,23.747277250000003,23.78103575,0,27.470000000000002,2197.88965,2764.9339999999984,44.025261199999996,423.30627000000004,20.73,-0.27841891999999996,42.96371625,6.031978349999999,20.723634250000003,0.24767330250000005,52.068308000000016
1.2199999999999989,1876.0618325,288.857142857143,23.9474365,23.94894125,0,33.22,2222.4601999999995,2880.467275,44.404386325000004,419.67736,19.88,-0.22938381349999998,42.89968799999999,5.8172804,20.934752249999995,0.23574997000000003,52.527364750000004
1.2099999999999937,1971.2955024999999,288.857142857143,22.866586250000005,22.874115500000002,0,33.22,2172.572725,2647.594575,46.83995572500001,422.8350549999999,19.88,-0.28971460674999994,42.04245925,5.602582175,20.228701250000004,0.23749246750000003,50.197640250000006
1.2199999999999989,2040.5520375000008,288.857142857143,22.965288250000004,22.95417025,0,33.22,2288.3755,2676.0657,42.638473774999994,421.3401675000001,19.88,-0.3918760175,45.00379249999999,5.2805349,20.908309999999993,0.23849935000000003,50.243874749999996
1.2099999999999937,2137.876525,302.142857142857,23.182933499999997,23.18570524999999,0,32.31,2242.638925,2807.498325,48.23385569999999,421.21956,23.99,-0.3221611522999999,44.96808225000001,5.0658366500000005,20.18723325,0.24046058749999993,51.03474125000001
1.3100000000000023,2033.5801899999994,302.142857142857,23.0958055,23.107688500000002,0,32.31,2129.917875,2741.78835,47.8996794825,421.9921049999999,23.99,-0.607351835,42.878740750000006,4.8511385250000005,20.7408425,0.23634175249999995,50.59653525
1.2399999999999949,1926.9875300000003,302.142857142857,22.951984250000006,22.957253,0,32.31,2193.56045,2744.6287,45.562065776749996,421.0798850000001,23.99,-0.43815821,43.72492575,4.529091075000001,20.889842500000004,0.24869488750000007,50.64289875000001
1.2399999999999949,2109.7500075000003,324.571428571429,23.22756775,23.234427250000003,0,30.83,1896.9495999999995,2843.0594249999995,47.354989175,423.7995474999999,19.18,-0.6258813549999998,43.341668750000004,4.3143929750000005,20.316925750000003,0.2569232025,51.527619
1.4399999999999977,2606.8404499999997,324.571428571429,23.556379,23.52890975,0,30.83,1406.7493250000002,2926.1489500000002,73.56508425,422.1897025,19.18,-0.6356184075000001,37.787571,4.099694825,20.905732000000004,0.2537383399999999,52.04785300000001
0.7399999999999949,1911.9625249999997,324.571428571429,23.428992249999997,23.457420500000005,0,30.83,2166.134025,2560.874675,40.274688525,422.8396225,19.18,-0.54272586,34.822277,3.77764755,20.333715500000004,0.2710338025,52.65895775000001
1.2399999999999949,1997.2892524999995,300.714285714286,21.551658749999998,21.56245975000001,0,30.49,2402.8131999999996,2631.307,50.228637074999995,421.6281575,22.66,-0.5669652875000002,35.50159625000001,3.56294945,19.916933500000003,0.27377561250000004,48.060161
1.240000000000009,1893.251925,300.714285714286,21.810875000000003,21.821210500000003,0,30.49,1824.3633750000004,2719.6568749999997,50.763328175,422.83244750000006,22.66,-0.6479146199999999,39.35378275000001,3.3482512499999997,20.5410565,0.26260952750000005,48.42131825
1.3399999999999892,2214.6554899999996,300.714285714286,22.006801500000005,22.011921000000005,0,30.49,2264.2668750000003,2786.097675,48.46421409999999,419.76403,22.66,-0.6481185500000001,38.40965625,3.026203975,20.055440750000002,0.2705550324999999,49.160737499999996
1.3399999999999892,2223.4536749999997,251.57142857142898,22.320156249999997,22.322934499999995,0,29.53,1771.003525,2760.6897249999997,47.939394037499994,424.3418599999999,20.57,-0.6473677,39.848258,2.811505775,21.250380999999997,0.25302208,49.78865774999999
0.8399999999999892,2188.8856524999997,251.57142857142898,22.251853000000004,22.254572250000002,0,29.53,1995.6227499999993,2622.2789000000002,50.515099025000005,424.9307175,20.57,-0.6429647399999998,37.688907000000015,2.59680755,20.566239500000002,0.262730795,49.966964
1.3400000000000034,2477.610125,251.57142857142898,22.444872500000006,22.461164000000004,0,29.53,2203.3331749999998,2810.6729750000004,45.03127003750001,423.87696250000016,20.57,-0.64742336,36.43001349999999,0,20.07894525,0.281254565,51.14000675000001
1.3400000000000034,2403.9199000000003,235.142857142857,22.400155499999997,22.402766749999998,0,28.999999999999996,2177.955425,2913.4673,46.5281724425,421.314505,22.66,-0.647858985,41.143676499999984,0.94164303,22.443642750000002,0.25481964499999993,50.127885500000005
1.2399999999999949,2420.273875,235.142857142857,22.622533500000007,22.630129,0,28.999999999999996,1923.9721699999996,2953.371275,44.041531755,421.70184249999994,22.66,-0.6492494050000001,40.14561099999999,1.4957188092499998,22.22161175,0.2526274,50.75276525000001
1.3100000000000023,2414.796425,235.142857142857,22.6753345,22.6829625,0,28.999999999999996,1757.4935250000005,2947.0093500000007,57.5105321,422.19246499999997,22.66,-0.6468393625000002,41.90310599999997,1.2042992689999994,21.13999575,0.2542678075,51.29230299999999
1.3100000000000023,2390.14748,251.857142857143,23.1856955,23.201326249999997,0,31.2,1628.6571175,2890.4830749999996,40.514237125,419.92490499999997,21.7,-0.6330464925000002,39.08437925000002,1.5619568750000001,21.247862999999995,0.2522645975000001,52.476364000000004
1.1000000000000085,2498.6643750000003,251.857142857143,22.94562425,22.960637250000012,0,31.2,1861.2873200000001,2932.566999999999,40.724251249999995,420.082775,21.7,-0.6464222399999999,43.66356699999999,3.145341775,21.99412425,0.24781870749999996,51.50659975
1.2800000000000011,2553.712825000001,251.857142857143,23.099074249999997,23.102020999999997,0,31.2,1904.6816999999996,3104.564825,43.662519350000004,421.8704099999998,21.7,-0.64690421,37.71525925,1.3504762352500002,21.063606500000006,0.26286599749999995,52.68954950000002
1.0499999999999972,2653.4997774999997,206.42857142857102,22.861628250000003,22.869271250000004,0,31.039999999999996,2504.386525,2638.0753999999997,57.60602429999999,419.11228500000004,23.87,-0.6473769099999999,42.1037785,2.00748970875,23.594513,0.25052729250000005,51.57262975000002
1.0799999999999983,2467.2015974999995,206.42857142857102,21.988670999999997,21.995915250000003,0,31.039999999999996,2095.8150750000004,2961.9435000000003,50.32129003,417.8471625,23.87,-0.6465983100000001,41.85300624999999,3.64778735,23.01823925,0.2515475575,49.411898
1.1500000000000057,2527.6371549999994,206.42857142857102,22.418918250000004,22.430211250000003,0,31.039999999999996,1887.7428750000006,2658.598325,39.94600758375,419.04442,23.87,-0.6475808999999998,41.841038,0.7891590894999998,21.997691500000002,0.24780203250000002,50.995058000000014
1.1400000000000006,2666.0407750000004,217.857142857143,22.11966525,22.13300200000001,0,27.639999999999997,1999.7324749999993,2876.7803999999996,51.77105795,421.7939475000001,21.48,-0.6484058525000002,39.055335250000006,0.7680168885,21.386789749999995,0.277089555,51.00980625000001
1.1399999999999864,2576.8664750000007,217.857142857143,22.39328600000001,22.4065455,0,27.639999999999997,2115.49947,2695.0646,49.899724920000004,417.50652750000006,21.48,-0.6459308925,42.493489249999996,1.623130225,23.104701499999997,0.23132903000000002,50.669854
1.0400000000000063,1495.273275,217.857142857143,21.70542075,21.70673825,0,27.639999999999997,1293.4965749999997,2896.8012,70.40508775000002,421.6739775,21.48,-0.644976225,44.0975075,2.1332652750000003,27.929630749999994,0.26365706749999995,49.8425595
1.1200000000000045,1633.7006250000004,252.714285714286,21.996529250000002,21.990628500000003,0,25.37,1747.1428249999997,2871.849,76.33596200000001,421.73043499999994,25.02,-0.6460612199999998,44.023341,2.4733553250000004,26.504954749999996,0.2685281050000001,50.756755
1.1,1772.128025,199,22.28763725,22.2745185,0,14.93,2200.7891,2846.8966,82.2668355,421.7869,25.02,-0.64714622,43.94917425,2.81344535,25.08027875,0.2733991275,51.67095
1.2999999999999972,1979.7690749999995,252.714285714286,22.72430175,22.7003535,0,25.37,2881.258375,2809.4680000000003,91.163148,421.87159499999996,25.02,-0.6487737100000001,43.83792499999999,3.3235803500000003,22.94326425,0.28070566250000006,53.04224225
1.0799999999999983,2118.196449999999,85.8571428571429,23.0154105,22.984243999999997,0,29.38,3334.9047250000003,2784.515225,97.09402275000001,421.92806,20.99,-0.649858705,43.76375875000001,3.6636703999999995,21.518588250000008,0.28557667750000004,53.95643775
1.1799999999999926,2256.6238249999997,85.8571428571429,23.30651925,23.268134250000003,0,29.38,3788.551000000001,2759.563,103.0248975,421.9845225,20.99,-0.6509437025,43.6895925,4.0037604,20.09391225,0.2904476975,54.8706325
1.2800000000000011,2525.3316075,85.8571428571429,22.619118499999995,22.617496749999997,0,29.38,2043.2149224999998,2459.40585,59.35053747500001,423.93020499999994,20.99,-0.6468764025,45.32638525000001,6.26452995,21.983631250000006,0.26847689249999995,52.50833025000001
1.1499999999999915,2402.0546350000004,118.28571428571401,22.731268499999995,22.73979225,0,26.4,1595.2735825,2777.768124999999,56.99991729999999,421.96396000000004,22.82,-0.6474511,50.22129699999999,8.117626575000001,22.041552750000005,0.271661775,52.60240974999999
1.2499999999999858,2462.0746750000008,118.28571428571401,23.225979499999998,23.22063325,0,26.4,1517.4957075000002,2764.8247,53.0358901,425.4142725,22.82,-0.6473955100000002,48.41732649999999,8.156017675,20.532242999999998,0.2814113275,53.80046125
0.6499999999999915,1898.4533199999994,118.28571428571401,24.4153855,24.410880249999998,0,26.4,1874.5140750000003,2762.9501999999998,47.45177082500001,417.0455249999999,22.82,-0.6227111249999999,43.229699499999995,10.268537199999999,18.952418750000003,0.2874521,56.79457700000002
1.0799999999999983,2554.64675,210.857142857143,23.596503500000004,23.599054750000004,0,33.010000000000005,1704.6583600000001,2693.716624999999,45.1943749,417.746405,20.69,-0.5123779125,45.964256250000005,9.365899049999996,27.062233000000003,0.24617893500000004,54.737667
1.1499999999999915,2376.97404,210.857142857143,24.0633525,24.064501999999997,0,33.010000000000005,2357.9860225,2480.80505,51.40173215,419.99346749999984,20.69,-0.5911397749999998,44.946513749999994,8.75718195,25.280944499999997,0.2572954325,55.96749725000002
1.25,2328.2468349999995,210.857142857143,24.762156,24.76910175,0,33.010000000000005,1629.3719375,2855.200925,35.039677675,423.6795075000001,20.69,-0.546313075,44.65159025,7.654701699999999,23.325472749999996,0.259133575,57.36162750000001
1.0799999999999983,2229.428375,245.57142857142898,22.390484499999996,22.390300500000002,0,32.7,1767.5059575000002,2549.802425,36.3502887,420.18607499999996,19.97,-0.5396391649999999,44.608684749999995,4.953104025000001,21.358668499999997,0.25397266749999997,51.93038975
1.0799999999999983,2311.2847975,245.57142857142898,22.301830499999998,22.31868875,0,32.7,1958.0771049999998,2531.7862749999995,44.228521435,422.48802750000016,19.97,-0.5285343125,43.88746075000001,3.1564958199999995,19.57780175,0.24980341249999993,52.062240499999994
1.200000000000017,2229.9050500000003,245.57142857142898,23.2629535,23.276310500000005,0,32.7,4144.749424999999,192.46152325000008,38.9738870975,424.66804249999996,19.97,-0.35650408499999997,41.41401750000001,1.8166667462499997,18.27037525,0.25512164749999994,54.39365024999999
1.1499999999999915,2410.9163499999986,245,23.565331249999993,23.568652,0,34.67,2827.7903,2309.709275,42.449641899999996,415.7986025,19.64,-0.2534750874999999,42.6066455,3.3387933299999992,18.46848225,0.251697515,54.83189324999999
1.2499999999999858,2601.1832750000003,245,24.405984000000004,24.409218499999994,0,34.67,2275.928575,2417.503325,41.3824204,420.78521249999994,19.64,-0.22158833549999996,40.40162575000001,2.6660626764999997,18.14865675,0.2584229575,56.92039799999999
1.1499999999999915,2311.7029175000016,245,23.951225249999997,23.970177999999997,0,34.67,2165.5606475000004,2502.017900000001,43.779181025,421.85587999999996,19.64,-0.5289144174999999,47.065491249999994,2.8907530650000006,19.783883250000002,0.25081506499999995,55.80846700000001
1.25,2378.8772999999997,254.714285714286,24.674995499999994,24.67773825,0,33.9,2334.787825,2520.2321500000007,41.844706725,422.5417325,22.86,-0.2798928285,41.63559325,3.2376356125,17.84268225,0.26505571249999993,58.035632499999984
1.6499999999999915,2465.2735350000003,254.714285714286,24.649001500000004,24.63991325,0,33.9,2162.7883000000006,2248.390349999999,43.34353765,420.23520499999995,22.86,-0.6472379400000001,50.22290975000001,3.7341254249999998,19.354090250000002,0.24915376500000003,57.42214574999999
1.0499999999999972,2422.3795325,254.714285714286,25.281172249999997,25.299007499999995,0,33.9,2690.828075,2261.6296250000005,39.97649084999999,426.3512675,22.86,-0.25067564749999993,44.910154999999996,3.0526873225000006,17.53712575,0.2635393275,59.566140249999975
1.1799999999999926,2475.3104525000003,254.714285714286,22.556834499999997,22.532132249999997,0,33.9,1797.268175,2470.0332249999997,34.9587026,422.21527,22.86,-0.4912158925,46.069122750000005,1.33587065125,17.818338500000003,0.25695182999999994,53.200831749999985
1.0499999999999972,2313.8987224999996,254.714285714286,21.567432500000006,21.563237500000003,0,33.9,1644.6598474999996,2408.988925,38.245367725,421.09702749999985,22.86,-0.647052575,47.448969749999996,2.274680374999999,17.8666055,0.27508724999999995,50.77985125000001
1.049999999999983,2304.180125,254.714285714286,21.6950735,21.709116749999996,0,33.9,2180.0428999999995,2380.1043999999997,41.433475165,424.22305750000004,22.86,-0.37823152499999996,44.973211250000006,3.8062620249999997,19.722183749999996,0.2555454300000001,51.075463
1.25,2405.046625,331.142857142857,22.160697749999997,22.16792125,0,34.650000000000006,2411.288525,2330.33495,40.82746662000001,424.35316750000004,18.59,-0.22962494500000008,48.25156400000001,2.58181878,18.0953525,0.2555868,52.56146349999999
1.0799999999999983,2232.5735225,331.142857142857,22.415456000000002,22.4118485,0,34.650000000000006,1964.92845,2434.0138500000003,37.7623917,424.3322824999999,18.59,-0.16073786175,47.183813,3.4093149499999997,18.075779000000004,0.25015019999999993,53.06772474999999
1.279999999999987,2504.416257500001,331.142857142857,22.449853499999996,22.453660000000003,0,34.650000000000006,2032.9503025,2491.9861250000004,43.342447125,425.08363499999996,18.59,-0.4116383075000001,50.687192750000015,1.8315694645,17.302083500000002,0.27202547250000003,53.6035655
1.2399999999999949,2392.169502499999,331.142857142857,23.036572,23.043634499999996,0,34.650000000000006,1495.9926875000003,2546.159475,45.3210632,422.7758575,18.59,-0.28082895999999996,50.61088624999999,2.3365110640000006,17.665980250000004,0.2650678325,54.719781749999996
1.1499999999999915,2507.7719499999994,373.71428571428595,22.611533500000004,22.617028999999995,0,32.519999999999996,1820.9607499999997,2521.709975,45.711236940000006,424.3078774999999,24.06,-0.168576858,53.74403649999999,1.1687596892500003,17.375954750000005,0.2563384025,53.92802625
1.2,2261.9578475,392,23.00724275,23.02796525,0,20.89,1943.6911575,2501.854175,49.2435383,424.9246625,24.06,-0.19134494225,50.16198075,1.775400625,17.42248625,0.2619362475,54.73338575
1.1500000000000057,2324.8799999999997,373.71428571428595,21.456577250000002,21.457666250000003,0,32.519999999999996,1791.203035,2422.4439500000003,55.878482774999995,423.49507750000004,24.06,-0.16075845049999998,48.55220575,2.329685275,16.824933999999995,0.263048775,51.40463524999999
1.1500000000000057,2399.6895000000004,348.428571428571,20.002013750000003,20.014028,0,32.35,2195.02194,2294.3628750000003,56.32898930000001,424.608885,21.07,-0.30080937274999997,51.612346249999995,1.005223125,19.322573749999997,0.24866536500000005,47.59772674999998
1.1499999999999915,2384.5291500000003,348.428571428571,20.770447249999997,20.76250000000001,0,32.35,146958.10249999998,2135.0080499999995,43.767766875,420.71291500000007,21.07,-0.12651908550000002,50.425616500000004,0.18711250899999995,19.491698499999995,0.24942162750000008,49.48120975
1.0499999999999972,2489.472725,348.428571428571,21.070188750000007,21.091684750000002,0,32.35,900207.4675,-155.77317749999992,48.96480222500001,421.3616125,21.07,-0.15052937815000003,47.65748950000001,0,19.148847999999997,0.24381366499999993,50.57782725000001
1.25,2392.5206475000005,348.428571428571,19.70844875,19.710023500000002,0,32.35,1402373.825,-1682.9606999999996,53.857545775000006,424.16651,21.07,-0.03054250065,49.452289250000014,0,19.476952999999998,0.24204017250000004,47.06534524999999
1.1499999999999915,2541.2376624999997,271.428571428571,19.841023749999998,19.840476000000002,0,31.3,1904540,-3210.148200000001,54.95555824999999,425.3684049999999,21.51,-0.26610598474999997,50.00701600000001,0,19.512464,0.23531240499999995,47.40207275000001
1.25,2551.3017849999997,271.428571428571,20.083964249999998,20.081359500000005,0,31.3,2657789.45,-5500.929200000001,41.0661517775,418.35782249999994,21.51,-0.029469727775000003,47.67111524999999,0,18.843101249999997,0.23657779000000007,48.03372650000001
1.1499999999999915,2794.1410499999997,271.428571428571,19.665524000000005,19.662380500000005,0,31.3,3159955.75,-7028.116699999999,46.525859999999994,424.11354250000005,21.51,0.025412645775,44.43174075,0,18.6535795,0.23817441500000003,47.00032325000001
1.25,2646.126475,271.428571428571,20.29861825,20.3064065,0,31.3,3662122,-8555.304200000002,55.34432245000001,424.4708325,21.51,0.07774195074249998,47.70529825,0,18.968908000000006,0.23994687250000007,48.510221000000016
1.3499999999999943,2588.9566250000007,271.428571428571,20.43832825,20.424814250000004,0,31.3,4415371.475,-10846.0855,49.313085625,424.9195874999999,21.51,-0.0144801335,48.597362999999994,0,19.092744999999997,0.23747751499999997,48.867725750000005
1.2800000000000011,2555.5612774999995,266,20.855661,20.869344,0,33.78,4917537.75,-12373.272750000002,46.48622225674999,425.68676999999997,19.5,-0.0940221851,47.84558625000001,0,19.026595499999996,0.23518502249999998,50.02078174999998
1.25,2730.23695,266,21.5580515,21.564538000000002,0,33.78,5419704,-13900.460500000001,40.73893667499999,425.40981499999987,19.5,-0.38574593249999994,49.5732215,0,18.663556,0.2388826425,51.7359865
