0.6599056,0.79454523,0.90633434,0.49533615,0.1280684,0.8758276,0.88451034,0.5616988,0.9847048,0.8974666,0.7266796,0.41795737,-0.2652522,0.92442596,0.8776811,0.8891992,0.95785636
0.63091975,0.7684036,0.9112832,0.48576084,0.14258608,0.8700753,0.8770713,0.47805387,0.9809277,0.9013813,0.71098316,0.35346794,-0.28783876,0.9218269,0.8726041,0.86739933,0.954346
0.6502423,0.7752185,0.9138258,0.50054544,0.14689155,0.86993587,0.88400227,0.5164175,0.9825554,0.89900875,0.72595835,0.37992826,-0.2725605,0.922658,0.8727658,0.87843686,0.9582868
0.6506106,0.7737284,0.9189908,0.501386,0.13844223,0.8849186,0.8837831,0.52373374,0.98462224,0.90362185,0.73389065,0.37899515,-0.29124314,0.928827,0.8801027,0.88347185,0.96127695
0.6569022,0.77583855,0.92247516,0.49103054,0.14310296,0.87883776,0.89364725,0.55420446,0.9843704,0.8993693,0.7454924,0.38770434,-0.2637016,0.92466617,0.87515974,0.88538635,0.96373886
0.65759933,0.75480056,0.92512363,0.53744525,0.16277567,0.8748355,0.8807668,0.577619,0.9841181,0.8933986,0.76156014,0.40108407,-0.26250106,0.9288489,0.87581813,0.88335705,0.965816
0.65615386,0.77337694,0.92512524,0.5522707,0.18091173,0.87589604,0.88804525,0.5824698,0.9843364,0.89782315,0.7582084,0.40607005,-0.27935234,0.93026024,0.8844564,0.89069235,0.9682725
0.64392924,0.7730499,0.9286568,0.5167351,0.15848313,0.8819225,0.8959053,0.50280267,0.9832635,0.9072985,0.73669505,0.33791107,-0.33480313,0.92511404,0.8812013,0.877678,0.96489006
0.66891587,0.76495206,0.932215,0.5520238,0.16207643,0.8847396,0.89128333,0.5324478,0.9853591,0.9052773,0.7554821,0.36864802,-0.32214645,0.9308411,0.8798213,0.88776726,0.9677335
0.657819,0.75897115,0.93027353,0.5536873,0.15760589,0.8875201,0.8860319,0.5398082,0.98529017,0.9013164,0.7533397,0.37203434,-0.31929654,0.93248016,0.88178575,0.8854427,0.9670192
0.6343171,0.70648867,0.9350704,0.54415417,0.15750365,0.895743,0.878656,0.4842495,0.9828306,0.90380436,0.73698497,0.29754022,-0.32694966,0.93531203,0.87576985,0.86957806,0.9660513
0.6014766,0.71340275,0.93689245,0.56840813,0.19280107,0.9015275,0.8852121,0.5007742,0.983529,0.90095514,0.7363312,0.3189814,-0.27958688,0.94230884,0.8853146,0.8843182,0.9706644
0.56266373,0.6675078,0.92359024,0.53699905,0.17104244,0.877774,0.85201794,0.5361913,0.9758452,0.89064944,0.7286193,0.28671926,-0.2830752,0.9293684,0.87086433,0.84019357,0.9605301
0.57167464,0.6439967,0.92162836,0.5717606,0.17993551,0.8716638,0.83922946,0.57009107,0.9758318,0.8793967,0.7403433,0.31367597,-0.25284842,0.9312964,0.865266,0.84308255,0.9609443
0.5902403,0.6686218,0.91765094,0.6029726,0.20054193,0.85459256,0.8516833,0.5352803,0.9736187,0.88718385,0.72182035,0.30152753,-0.2713712,0.92543674,0.85822076,0.84908134,0.95868564
0.59888136,0.6691208,0.91974527,0.6027787,0.2007345,0.8628889,0.8593123,0.5675964,0.9761632,0.8858532,0.73639184,0.3158153,-0.25270388,0.9277049,0.8610575,0.8607858,0.9623665
0.5856331,0.64939827,0.9156054,0.583833,0.17784621,0.8650547,0.8460784,0.54256576,0.9749404,0.88442725,0.72530305,0.29428267,-0.26024708,0.9263599,0.8556108,0.8464946,0.95681924
0.6245575,0.70606387,0.9114687,0.5812882,0.158936,0.87151444,0.86570317,0.5466496,0.9784954,0.8942043,0.70885605,0.31469733,-0.29496473,0.925793,0.8609898,0.8672067,0.95705295
0.6349148,0.72365814,0.90756315,0.5508652,0.1306372,0.8718714,0.8664979,0.5155602,0.98025197,0.9024729,0.71049297,0.31587374,-0.31000355,0.9208051,0.85801345,0.86496717,0.9510817
0.6361497,0.74054766,0.9037914,0.5320972,0.1273104,0.8668219,0.87177336,0.50148696,0.9807347,0.9067975,0.71493566,0.3228829,-0.30385494,0.91545326,0.85687405,0.8661551,0.94799083
0.5957659,0.72183484,0.8957077,0.5107895,0.11099662,0.86390704,0.85025907,0.52114534,0.9773025,0.893904,0.69590974,0.32637694,-0.29336128,0.9158939,0.8572842,0.8432489,0.9412198
0.6023619,0.69295704,0.894899,0.53590536,0.10524384,0.8627314,0.8148419,0.49133056,0.9764329,0.8956511,0.6886647,0.323703,-0.315561,0.922318,0.8534143,0.8296714,0.93510973
0.6680226,0.76395726,0.9042015,0.55621266,0.14683427,0.8595945,0.8697065,0.527177,0.9808781,0.918588,0.7080116,0.36242777,-0.3169626,0.92080355,0.86442053,0.8778562,0.9513327
0.6724927,0.77994394,0.89600605,0.52407664,0.098804496,0.8719481,0.86672896,0.5373998,0.98315126,0.9163253,0.6949367,0.38146368,-0.33125252,0.9215794,0.866802,0.8788703,0.9457141
0.69087726,0.785797,0.91754067,0.61482096,0.21271707,0.85776144,0.9016394,0.544641,0.98261553,0.9260919,0.73240495,0.3602715,-0.31814724,0.9220638,0.87206054,0.90425664,0.96516633
0.70043087,0.7521472,0.9219336,0.5861399,0.17375492,0.8508272,0.87897074,0.4816459,0.98172414,0.92356014,0.73408645,0.345471,-0.32027555,0.9204818,0.8522311,0.8820529,0.9572514
0.6916483,0.7840181,0.9097088,0.5599251,0.14627893,0.8664375,0.8882425,0.48936608,0.9831587,0.92867446,0.70884305,0.34194747,-0.35027963,0.91917676,0.8649144,0.8898977,0.9538704
0.67346567,0.80737096,0.89407724,0.47682565,0.088779986,0.8733318,0.89537466,0.49115667,0.98282474,0.92709845,0.6725324,0.33665013,-0.35558626,0.91010445,0.8659178,0.8825666,0.9436286
0.66121256,0.79718536,0.90371436,0.5699118,0.15459315,0.88131523,0.90509593,0.52385813,0.98388654,0.9248741,0.6978401,0.32621145,-0.3520855,0.9197016,0.8771588,0.901342,0.9580654
0.71051484,0.7918284,0.92022574,0.5841293,0.19506761,0.86131334,0.9119618,0.45489186,0.9832112,0.9419725,0.721681,0.30232763,-0.3517156,0.9152058,0.8629504,0.9042974,0.9614953
0.6621148,0.78426874,0.90074384,0.54911065,0.13246252,0.87071174,0.8799744,0.5207953,0.9824475,0.9196902,0.6965588,0.35606605,-0.34430858,0.9205774,0.87157387,0.8838418,0.95101035
0.65351486,0.7590261,0.9074226,0.55341244,0.13016398,0.8768348,0.8842785,0.52679944,0.9830847,0.91065997,0.71542734,0.3328725,-0.32128587,0.91994214,0.86307913,0.88313,0.9537817
0.6386161,0.76188624,0.90942323,0.58326864,0.17841676,0.87042344,0.89313424,0.5364374,0.9815766,0.9107492,0.7210199,0.32605973,-0.31040096,0.9198543,0.8696924,0.8891155,0.959509
0.63328785,0.7415287,0.9089485,0.57035047,0.15632373,0.87188065,0.8792721,0.53037274,0.98140085,0.9034846,0.72333765,0.32514325,-0.30551812,0.9207499,0.8638403,0.87813824,0.9559316
0.63315445,0.75800234,0.9126829,0.59459203,0.20183118,0.865283,0.897387,0.54498786,0.9807228,0.90632963,0.73051244,0.32294264,-0.29470047,0.91893053,0.8695403,0.89054227,0.9628221
0.637004,0.7328807,0.9135376,0.575494,0.16608776,0.8685125,0.8832995,0.5190392,0.9812189,0.9005032,0.73306113,0.31194633,-0.29575002,0.9187918,0.8575261,0.87808615,0.95763093
0.6295292,0.7425797,0.9115189,0.58614296,0.17477934,0.87195134,0.8811273,0.5419197,0.9816944,0.8969097,0.7340361,0.3349751,-0.30083025,0.92284846,0.86935437,0.8816163,0.9599131
0.6495949,0.74055636,0.91162646,0.5934411,0.16912709,0.8654305,0.8747825,0.5549296,0.98083436,0.89148575,0.7245369,0.34921226,-0.2998246,0.92401904,0.8619801,0.879998,0.9590914
0.6330363,0.755017,0.9095176,0.6215505,0.21297395,0.86073595,0.88653994,0.60826266,0.98071635,0.8840012,0.7398933,0.37456343,-0.26700178,0.9243562,0.8733973,0.89320856,0.9657352
0.650969,0.7702788,0.9118336,0.6322998,0.20847979,0.8641756,0.8881107,0.5791973,0.9822359,0.8884451,0.7345471,0.37646598,-0.30345514,0.92645526,0.87617546,0.8968859,0.965764
0.690237,0.78870165,0.9212881,0.60341084,0.1937864,0.8572531,0.90561146,0.56231767,0.9821031,0.8960223,0.72545826,0.36471203,-0.31559598,0.92031425,0.86459416,0.89863026,0.96700025
0.65798247,0.7481066,0.9201018,0.6386379,0.21974146,0.8468049,0.88353246,0.5284219,0.97936815,0.8919343,0.73269784,0.3407497,-0.3049732,0.92233247,0.859031,0.88478434,0.96410227
0.71218294,0.71589553,0.9377726,0.6843368,0.2800649,0.8184026,0.90579677,0.5345304,0.9784357,0.89564216,0.7705345,0.31621504,-0.24257715,0.9165442,0.82582027,0.8996639,0.9726696
0.6291968,0.7076009,0.9175838,0.6347303,0.23132457,0.8391034,0.87485796,0.55416274,0.9762492,0.8741789,0.7430816,0.32925445,-0.24732766,0.91992253,0.84990925,0.87465876,0.9637295
0.5811057,0.7315601,0.8947784,0.6633257,0.25409123,0.83549947,0.85956615,0.62164474,0.9745408,0.8546331,0.7299521,0.390513,-0.23553342,0.9244692,0.8752296,0.8786236,0.9628098
0.6272658,0.72203034,0.8977943,0.6487357,0.23886093,0.8135164,0.85412794,0.5536042,0.97302645,0.8726434,0.72680783,0.3636324,-0.24672207,0.916039,0.8523713,0.8685009,0.95607483
0.645205,0.75379694,0.9028268,0.66572636,0.27030268,0.80869025,0.88837653,0.6093276,0.97412354,0.8706157,0.7327893,0.3832589,-0.21607706,0.9136503,0.8550513,0.8922331,0.9651738
0.6139553,0.72612953,0.8920471,0.631557,0.22059204,0.8288217,0.8649142,0.5486778,0.9731837,0.87128294,0.7072382,0.33366296,-0.25575843,0.914232,0.8523333,0.8706733,0.95446104
0.60397035,0.74566364,0.89365333,0.6395091,0.2532986,0.8411419,0.88393897,0.54617697,0.9744699,0.88625264,0.7114032,0.3193281,-0.26932225,0.9166887,0.87129,0.8855561,0.961232
0.573081,0.69158906,0.8713918,0.5718432,0.16869368,0.8450226,0.8410193,0.5002783,0.9708788,0.8700045,0.67907965,0.28618217,-0.25881204,0.9112588,0.8495367,0.8451521,0.93905807
0.5798437,0.715631,0.8777114,0.6021898,0.24776255,0.82922167,0.8828731,0.5179188,0.970346,0.8906693,0.7112473,0.27191475,-0.2153744,0.9025389,0.8552547,0.8749365,0.95286596
0.5934074,0.70552564,0.8558578,0.5496083,0.15015931,0.8314674,0.8439176,0.49632466,0.97183937,0.870871,0.6857616,0.3028049,-0.23232895,0.89982134,0.83743125,0.8470994,0.9296647
0.58737075,0.74550086,0.8490714,0.56870115,0.1704738,0.83213454,0.8560905,0.5151813,0.9736959,0.8772658,0.68395036,0.32600707,-0.24508423,0.9011499,0.85306436,0.8641047,0.93457633
0.59180415,0.7154342,0.85386467,0.5260618,0.15413308,0.8325052,0.8593521,0.4582266,0.97085106,0.881346,0.67834944,0.27466476,-0.24469644,0.89337105,0.840515,0.8466935,0.9282513
0.6216567,0.6991644,0.8729125,0.5582669,0.17532647,0.83032554,0.86845404,0.42848334,0.9731475,0.8958315,0.7030854,0.24133271,-0.23875773,0.8936416,0.8246887,0.85998386,0.93577814
0.5716484,0.7186262,0.842646,0.5367034,0.17167246,0.8331357,0.85883427,0.49850568,0.97042894,0.8818944,0.68157226,0.28376046,-0.22181273,0.8948064,0.84831166,0.8552371,0.9310231
0.54599535,0.7458297,0.83670026,0.5488984,0.20322855,0.8301678,0.86913747,0.5274727,0.9694081,0.89167726,0.67619693,0.29037997,-0.21704935,0.89535725,0.86226124,0.86716723,0.9372175
0.5496426,0.734162,0.84048426,0.58605945,0.22288,0.8378312,0.8761253,0.5898225,0.96991944,0.8758441,0.6824152,0.29900503,-0.19128276,0.90229714,0.8628932,0.8808357,0.9473668
0.54801846,0.7363321,0.84066486,0.6056412,0.23481604,0.8407711,0.88294446,0.6321805,0.9702897,0.8647684,0.6835317,0.31318277,-0.17081138,0.90546507,0.8659928,0.889958,0.95327234
0.5729507,0.729354,0.8521699,0.58497214,0.21997514,0.8373879,0.88785535,0.6026792,0.9710174,0.867235,0.6916101,0.29407093,-0.16802695,0.90000504,0.85234207,0.8864028,0.9519408
0.5821359,0.74589515,0.8509461,0.592363,0.2132638,0.84619,0.88414896,0.63826036,0.97156256,0.8598256,0.67139745,0.32269025,-0.1905236,0.90941936,0.86283654,0.89103943,0.95519054
0.60994,0.75307494,0.8621252,0.5929902,0.21524413,0.8447546,0.8931755,0.60466534,0.9728069,0.86924815,0.67453814,0.3071104,-0.21044125,0.90734655,0.85831845,0.89409596,0.95661485
0.6308747,0.7602176,0.8662381,0.597766,0.21399903,0.8431216,0.8969175,0.59687597,0.97397834,0.86991644,0.6773988,0.31177694,-0.2202849,0.90676826,0.85569507,0.8972686,0.9574645
0.5759027,0.71754813,0.8498329,0.5275218,0.1858814,0.82655483,0.86832356,0.46791425,0.97022367,0.87415904,0.6960903,0.25663757,-0.20496011,0.88845396,0.8388399,0.8569496,0.93488467
0.5502122,0.71180403,0.84577113,0.5323565,0.19361249,0.82587695,0.86044705,0.46530995,0.96834475,0.8716387,0.6908586,0.24865682,-0.20754844,0.8900937,0.84281313,0.8510261,0.9336641
0.56399816,0.7101209,0.8457515,0.4874255,0.16117312,0.8222847,0.8544628,0.45922393,0.9648653,0.86620927,0.6630901,0.24047278,-0.21946654,0.88717717,0.83300203,0.83418894,0.92732495
0.60796696,0.7149216,0.8490649,0.51341414,0.15801412,0.82173544,0.84008694,0.49485502,0.97032535,0.8647681,0.6913933,0.30341777,-0.21188198,0.89603746,0.8357227,0.8467648,0.9309429
0.60133314,0.71250176,0.84988165,0.4758066,0.14863521,0.81607705,0.8451536,0.46284595,0.96727765,0.8678213,0.6780215,0.27228823,-0.211242,0.888444,0.8266322,0.83485526,0.9260849
0.5772159,0.6916997,0.855266,0.51022446,0.17884493,0.8163413,0.8513021,0.47897613,0.96544313,0.8599155,0.68704456,0.251495,-0.1913649,0.88996714,0.8268054,0.8387,0.93360364
0.5799595,0.7071262,0.8566296,0.5597406,0.21843754,0.8071986,0.851819,0.4930889,0.96471566,0.86082333,0.68977,0.27431977,-0.20294401,0.895533,0.8392514,0.84947115,0.94056594
0.6472567,0.7605516,0.856888,0.5466734,0.17909774,0.8291545,0.878771,0.5442562,0.9756517,0.8661096,0.7031053,0.33125663,-0.21289898,0.8969061,0.8438304,0.882755,0.9460127
0.6329733,0.77598083,0.84832346,0.5368459,0.20929325,0.8161377,0.88450325,0.49843627,0.97117364,0.8868989,0.67831874,0.30006304,-0.22848797,0.89132285,0.8509773,0.8808168,0.9439014
0.72655845,0.7804198,0.8933902,0.56418574,0.19812366,0.8521321,0.92914027,0.53706044,0.97290754,0.90084743,0.6111082,0.22014943,-0.28126356,0.9047643,0.8323266,0.9116498,0.9644827
0.69729316,0.7883827,0.8635035,0.4873546,0.1377243,0.8503714,0.91319823,0.5141708,0.97475827,0.89579177,0.6216904,0.2547156,-0.26698577,0.89303315,0.8334045,0.8958091,0.9476747
0.6853259,0.77532536,0.8625378,0.5054197,0.16666555,0.83505994,0.9099807,0.5404615,0.9711569,0.88568676,0.6300001,0.26118082,-0.22720632,0.89139175,0.8285954,0.8929676,0.9499984
0.65791863,0.7319034,0.8493308,0.47676116,0.16094896,0.81968147,0.88256997,0.48379812,0.96842027,0.88844836,0.66019684,0.24491113,-0.19163819,0.8835768,0.81548494,0.8691157,0.9354358
0.6662229,0.76206076,0.8610291,0.5491895,0.21925901,0.811767,0.8881775,0.54454404,0.9712821,0.8755729,0.69390124,0.31919408,-0.19356105,0.8949729,0.8417922,0.887292,0.95153475
0.6500774,0.76604235,0.86903775,0.53111666,0.21668082,0.7980534,0.8869134,0.52462405,0.96812224,0.8576398,0.6891676,0.31861648,-0.20150526,0.89014494,0.8380749,0.87187654,0.9503882
0.6520699,0.7462326,0.88100535,0.53280777,0.21556164,0.80871487,0.88951164,0.48738578,0.96881306,0.86435485,0.6951671,0.2753608,-0.2151114,0.89146024,0.83103347,0.86968285,0.95201534
0.675003,0.7609116,0.8849689,0.55581206,0.2406915,0.7936425,0.89155596,0.48310113,0.9700948,0.8785371,0.71146303,0.30276102,-0.21406835,0.8916641,0.83444136,0.878483,0.9546371
0.6430864,0.76957345,0.8700914,0.41871393,0.18957752,0.7724897,0.89797163,0.43662536,0.9601995,0.87871563,0.66370547,0.25335214,-0.19373955,0.8628638,0.8129863,0.8451365,0.93793404
0.6170488,0.77311796,0.85047823,0.387597,0.16611697,0.7849951,0.8962976,0.46390313,0.9599957,0.8746711,0.64607525,0.2546862,-0.18209094,0.8600693,0.8187312,0.8434879,0.93119115
0.6118564,0.77252525,0.84960014,0.41106388,0.17702325,0.7845979,0.89309084,0.4705748,0.9593659,0.87175834,0.6441359,0.2577916,-0.18951918,0.8643396,0.82333255,0.8447871,0.93311447
0.5697116,0.7597887,0.84142643,0.3958652,0.17170961,0.79071164,0.87874323,0.4232232,0.95417994,0.87109625,0.61765945,0.22539353,-0.21647437,0.867304,0.8304912,0.8226344,0.9247997
0.5952566,0.7593496,0.85446894,0.43911418,0.21074486,0.76341575,0.8867819,0.486187,0.95261097,0.8573566,0.6494253,0.26613882,-0.17013846,0.86600286,0.8238428,0.8351341,0.9373465
0.60779876,0.72634906,0.86887777,0.40179884,0.18003185,0.76407427,0.87821645,0.41678315,0.9523083,0.870327,0.6555075,0.22187166,-0.17647628,0.8614014,0.7985511,0.8128455,0.9290617
0.5971301,0.7826515,0.8612857,0.48198712,0.22057104,0.78209335,0.8962842,0.39243186,0.9558549,0.88563645,0.6179492,0.2141301,-0.26699722,0.87165624,0.8360403,0.84545404,0.93769586
0.6135828,0.7690356,0.8585275,0.4632045,0.19688231,0.77796555,0.89089996,0.47061414,0.9607161,0.86288583,0.66088504,0.2726192,-0.19507657,0.86895066,0.8233811,0.8477822,0.9374375
0.59907943,0.76738125,0.8580645,0.47087196,0.20335758,0.7832069,0.8868435,0.44273394,0.95782447,0.8712575,0.6392321,0.24856605,-0.22786945,0.8735112,0.8307036,0.8418874,0.9362214
0.5558693,0.7536498,0.84879655,0.4305351,0.18373516,0.78286344,0.8742187,0.3514225,0.9477451,0.8772111,0.58519274,0.18026891,-0.26919878,0.8680609,0.82694936,0.80664515,0.920744
0.63987154,0.78172326,0.8720742,0.4691122,0.20320871,0.78269637,0.90847796,0.49258238,0.96267647,0.8654926,0.6612605,0.27122384,-0.19708773,0.86921734,0.8216267,0.8625136,0.94643533
0.63148075,0.76940453,0.86711025,0.47745687,0.18494104,0.7918902,0.8942087,0.466997,0.9636241,0.8627826,0.654826,0.2662051,-0.2215313,0.87495697,0.8217415,0.85323673,0.94022113
0.6556632,0.79021364,0.87353665,0.48893878,0.19937335,0.78994805,0.9092907,0.52924484,0.96858424,0.85935575,0.6865431,0.31240785,-0.18760672,0.87411773,0.825622,0.87503445,0.94978774
0.6514293,0.7914622,0.86790913,0.4723124,0.18517335,0.7714939,0.89850056,0.43293336,0.96310765,0.8676682,0.6481006,0.27946955,-0.23722488,0.86695814,0.8165575,0.85212517,0.93693423
0.6308153,0.76307845,0.855079,0.5889384,0.30048725,0.7030047,0.85311484,0.4818029,0.95039415,0.85784084,0.68378055,0.20894241,-0.2210166,0.8701164,0.74426186,0.86510456,0.9345457
0.64752257,0.7753226,0.8624828,0.56068134,0.2660344,0.7335096,0.8690245,0.5108138,0.95819473,0.8551359,0.6872032,0.2602828,-0.21362093,0.87509215,0.77502966,0.8692244,0.9407824
0.6105289,0.76681095,0.8554646,0.5440139,0.25554425,0.7476024,0.8625173,0.4562259,0.9542214,0.8607495,0.65886205,0.22896746,-0.24270613,0.8762217,0.79408634,0.8522907,0.9347624
0.60752976,0.75422794,0.86362165,0.560343,0.25198495,0.7509289,0.8531796,0.46009848,0.95537096,0.8466778,0.6672745,0.25097135,-0.24253796,0.8830435,0.80029535,0.84497565,0.9372896
0.6992999,0.789758,0.8892774,0.5235661,0.2126544,0.7696599,0.904473,0.48416537,0.9687941,0.86996645,0.6924811,0.31424576,-0.21766815,0.8774614,0.8097961,0.8752845,0.9509648
0.69242644,0.78422475,0.89019567,0.5286474,0.220001,0.7736646,0.9075646,0.47423494,0.9690487,0.8698152,0.6974439,0.3041701,-0.20966922,0.8771154,0.81186944,0.876616,0.9521683
0.7081366,0.79031235,0.8916943,0.52366525,0.21048075,0.7705229,0.9078828,0.4997567,0.97063464,0.86868036,0.7044525,0.33090848,-0.2015724,0.87722385,0.80947727,0.8795865,0.95275545
0.6869798,0.7855256,0.88625836,0.5384054,0.21152303,0.7878452,0.8995269,0.4687693,0.9702458,0.8671429,0.6877367,0.30826196,-0.2388401,0.88529575,0.822445,0.87566847,0.9509821
0.6994954,0.79295576,0.8917813,0.5342344,0.2081477,0.78845024,0.90492195,0.4608147,0.97198147,0.8732269,0.6942464,0.30977073,-0.24504746,0.88393456,0.82028276,0.8794655,0.9523173
0.65734124,0.781302,0.8826499,0.49212357,0.19926535,0.77761257,0.9016847,0.40734148,0.96718013,0.866733,0.6851455,0.2697703,-0.23421071,0.869261,0.81314206,0.85726404,0.9427544
0.66887045,0.78356785,0.8841577,0.52926743,0.20231453,0.7832968,0.89535475,0.47223148,0.9704593,0.85626155,0.69810647,0.31954437,-0.22624311,0.88131124,0.82067287,0.86798406,0.94793737
0.65690315,0.78355205,0.8761403,0.51929724,0.18361893,0.79023176,0.88603914,0.49740273,0.96973515,0.84599525,0.68118703,0.33509722,-0.22871523,0.88578945,0.82551605,0.86248744,0.94466025
0.69411767,0.7804492,0.89427793,0.5520525,0.22466348,0.777805,0.9077273,0.49283135,0.9728782,0.86311364,0.72605693,0.32471377,-0.1933559,0.8794765,0.8118816,0.8833548,0.95498985
0.6671828,0.774991,0.88892365,0.55331457,0.22964405,0.7882157,0.90005165,0.45825922,0.96861726,0.8748969,0.6900235,0.28293437,-0.24004431,0.8855577,0.82490414,0.87379706,0.9522145
0.666422,0.7751669,0.8860474,0.56780845,0.228421,0.7989721,0.9055045,0.53168625,0.97170097,0.8582674,0.70500994,0.31632587,-0.20228873,0.88895136,0.8285923,0.8862542,0.95678955
0.6384061,0.75982726,0.87477326,0.5477786,0.22566505,0.775228,0.88921785,0.4048468,0.96270967,0.87453574,0.6642484,0.24667536,-0.24535474,0.877831,0.8168088,0.8560223,0.9413361
0.63598955,0.75436616,0.8719322,0.55479765,0.2128071,0.78639823,0.8802179,0.42726833,0.9652187,0.8662701,0.668571,0.26504678,-0.24547957,0.8843334,0.82019705,0.85657364,0.9406651
0.66316384,0.80053306,0.8721363,0.59008646,0.21606427,0.8100291,0.89819086,0.5284161,0.9722668,0.8707144,0.66204256,0.3316698,-0.2664422,0.89768684,0.846333,0.88991785,0.9527423
0.66008896,0.8065431,0.8663235,0.5367517,0.1892083,0.79740936,0.8990493,0.53016824,0.9700313,0.8655244,0.65262127,0.33623865,-0.24644905,0.8866536,0.8359005,0.8791926,0.9464138
0.64091426,0.79518646,0.8705969,0.58188516,0.21754485,0.808743,0.8946458,0.46642515,0.96813446,0.8827062,0.63252825,0.28395432,-0.30291003,0.8953802,0.8475538,0.8772784,0.94770277
0.6867317,0.79115564,0.8715397,0.55895954,0.18814057,0.8100177,0.9067526,0.5420228,0.97439885,0.875754,0.67855346,0.32886356,-0.22102183,0.8881619,0.8269044,0.89386874,0.9501311
0.6635245,0.7788906,0.8702416,0.56175053,0.19963408,0.80796504,0.8998235,0.5196151,0.9709107,0.8787373,0.66412085,0.30071864,-0.23145524,0.8897432,0.8291956,0.88501054,0.94835645
0.62628734,0.77428514,0.85887396,0.5521551,0.18572356,0.82111484,0.8839826,0.49195385,0.9681328,0.8784335,0.6266292,0.2810998,-0.2727822,0.8965165,0.84290206,0.87099355,0.9417215
0.6615785,0.78010243,0.8628101,0.55628735,0.18780516,0.8102868,0.89476454,0.54535484,0.97186923,0.8670988,0.66674566,0.3286119,-0.21753822,0.8913689,0.8321987,0.8846464,0.9468425
0.6579186,0.77659756,0.8705775,0.57663846,0.20410347,0.8154813,0.8966722,0.5140547,0.97127056,0.88112193,0.65925497,0.29648575,-0.24879798,0.89511573,0.836392,0.8858148,0.9493142
0.68977755,0.76971143,0.88308764,0.59337366,0.21710312,0.8016958,0.90488076,0.45899597,0.97098005,0.8904063,0.66700995,0.2642484,-0.25673977,0.88894266,0.8171796,0.8880207,0.95038563
0.67174906,0.7657532,0.87834436,0.5884075,0.21326496,0.805744,0.8993556,0.43384486,0.9692509,0.8910015,0.65058327,0.24799088,-0.27333415,0.8901813,0.822109,0.88080573,0.946837
0.6570019,0.762905,0.8740562,0.57656145,0.2110544,0.8020192,0.89598334,0.40140733,0.96668375,0.89278066,0.6366748,0.22541758,-0.28144187,0.8867705,0.82007176,0.8725145,0.9423319
0.65036887,0.742743,0.88130283,0.6287258,0.2746011,0.7701156,0.8949224,0.5111304,0.9643691,0.8705771,0.6929923,0.28659204,-0.18914478,0.88866585,0.81918496,0.8811401,0.95466906
0.64308393,0.7410847,0.8784745,0.62478137,0.27306184,0.76860076,0.89347273,0.50534636,0.9635701,0.86800635,0.69013655,0.282704,-0.18539348,0.8872253,0.817867,0.87865275,0.95314306
0.5945413,0.7193263,0.8646175,0.63672733,0.29581523,0.75230837,0.8768043,0.50197595,0.9546426,0.8604987,0.6749107,0.26756805,-0.1739258,0.8867941,0.8227719,0.86358243,0.9488197
0.6089803,0.71742505,0.87243676,0.64426345,0.3092791,0.7445374,0.88776845,0.49384463,0.95369905,0.8650863,0.67863107,0.25069395,-0.16657998,0.8833265,0.81442636,0.8687823,0.95202893
0.5916445,0.7141055,0.8660576,0.639212,0.3038451,0.7509588,0.8805152,0.49304453,0.95129025,0.8594424,0.6629335,0.24274145,-0.17696951,0.8860616,0.8185113,0.86303705,0.9498576
0.6637052,0.76930207,0.86386794,0.57998884,0.23288812,0.7784502,0.904104,0.4616463,0.9650356,0.8831124,0.65404725,0.25337255,-0.21864893,0.8764668,0.8106663,0.8821248,0.9445529
0.6501886,0.76251954,0.86394596,0.593537,0.24572489,0.78438663,0.9007438,0.42054117,0.9629121,0.89002407,0.63836586,0.22030446,-0.2471912,0.88082093,0.81734586,0.87895215,0.94418347
0.66971034,0.76884645,0.8696363,0.5925769,0.24489072,0.7826228,0.9053451,0.44735485,0.9637436,0.8898283,0.63955873,0.2346888,-0.23967631,0.88207895,0.8139507,0.88456833,0.94781405
0.6411412,0.7556499,0.86809963,0.5962586,0.26097834,0.78908145,0.9009704,0.3647498,0.9588433,0.90075535,0.61536664,0.16943522,-0.28236172,0.88342035,0.822171,0.8740363,0.94477195
0.6636319,0.7653038,0.87126875,0.5901135,0.24688263,0.7872019,0.9089349,0.44538817,0.9641365,0.8885929,0.6451541,0.2257672,-0.23461857,0.88096184,0.81455696,0.8851494,0.9488569
0.66120535,0.7663471,0.8685814,0.57967025,0.2411456,0.7831085,0.90919083,0.44838822,0.9647096,0.88557744,0.65373415,0.23410112,-0.21925469,0.8766608,0.81122917,0.8838735,0.9470681
0.6458641,0.76752275,0.85514736,0.5796698,0.22599871,0.794137,0.89106196,0.4628762,0.96433765,0.879854,0.6339723,0.25369328,-0.24653888,0.88677037,0.82626563,0.87726027,0.94276065
0.61675507,0.7337348,0.8432756,0.5261313,0.19486666,0.7997684,0.8849406,0.39841425,0.9608402,0.88647234,0.6216568,0.18511164,-0.2296193,0.8751441,0.80838656,0.85822594,0.9283874
0.66047454,0.7439804,0.85406315,0.53405243,0.19648367,0.79168147,0.89883864,0.4666649,0.96572,0.8794418,0.65639526,0.23577563,-0.18226284,0.872413,0.796971,0.87600577,0.9377035
0.6133861,0.7311881,0.84235567,0.5289799,0.19996618,0.80460536,0.8813244,0.38742363,0.9610035,0.88890326,0.6225314,0.179958,-0.2403316,0.87856084,0.8151765,0.85781837,0.92904234
0.64232236,0.73861474,0.85148627,0.5196466,0.20094459,0.7975048,0.89377326,0.42144513,0.96276116,0.88679844,0.6398249,0.19807117,-0.21030454,0.8739586,0.8048062,0.86735004,0.9350304
0.63928455,0.7448504,0.8420402,0.49186954,0.17633423,0.7981945,0.8903567,0.46529743,0.96414465,0.8722081,0.6435616,0.23421034,-0.18408816,0.87176543,0.80377275,0.8650963,0.93174
0.640287,0.72588134,0.84879684,0.52101725,0.20339088,0.779116,0.8928317,0.33006194,0.9573797,0.8909805,0.62047464,0.14339499,-0.22692369,0.8615116,0.7840351,0.8540427,0.9251125
0.6625209,0.7379261,0.83847785,0.5244022,0.17963313,0.78229904,0.88588935,0.44494498,0.9633,0.86614794,0.6397353,0.23638003,-0.18535821,0.8689448,0.78714633,0.8654904,0.9278267
0.6248648,0.729934,0.83248544,0.50420356,0.17934616,0.7898433,0.8751393,0.3633794,0.95789516,0.8800565,0.60592514,0.17766292,-0.23445646,0.8698268,0.7981043,0.8462126,0.91857207
0.6490805,0.7015928,0.8482528,0.52026194,0.1948975,0.77229,0.8813889,0.42546633,0.9588193,0.86153954,0.65518117,0.20884293,-0.16041291,0.8656477,0.77567494,0.8519351,0.9284365
0.6406506,0.6931532,0.8464441,0.52903444,0.20508075,0.77292633,0.87964785,0.39795342,0.9571214,0.8641885,0.6515904,0.18642716,-0.17173213,0.86561835,0.77823323,0.84907556,0.92764175
0.6158897,0.6799583,0.851852,0.52804625,0.22608791,0.77544177,0.8808298,0.29370368,0.9509909,0.88506377,0.62983197,0.10558182,-0.2158283,0.8637484,0.782282,0.83712834,0.9251137
0.6391374,0.6498917,0.8688702,0.55488247,0.23574857,0.7559114,0.8724592,0.34195748,0.95161194,0.8613172,0.6670075,0.14893161,-0.17133963,0.8676143,0.7622277,0.8339903,0.9323648
0.6017603,0.62741756,0.84912926,0.55775464,0.23696522,0.7344444,0.85850126,0.26216152,0.9427736,0.85587436,0.64869314,0.110438555,-0.17831123,0.85405487,0.75266063,0.80775136,0.91485065
0.65651083,0.6565312,0.8450242,0.58742416,0.20852312,0.7426151,0.8488566,0.4513749,0.95028794,0.8148112,0.6373273,0.23718686,-0.14961332,0.87573606,0.7560213,0.83520734,0.92616946
0.641786,0.625304,0.86336774,0.59391785,0.26342428,0.71607625,0.8807806,0.29981261,0.9429873,0.8514333,0.6613669,0.1070989,-0.14612012,0.84946305,0.7256813,0.8316484,0.9281271
0.66082984,0.64280486,0.86136806,0.58645463,0.24742042,0.709022,0.8801581,0.36549857,0.94818753,0.83886015,0.6759541,0.163767,-0.11223541,0.8490771,0.71849567,0.8401603,0.9291245
0.65677166,0.7185216,0.8250884,0.51896113,0.17151728,0.7675875,0.8805121,0.34382403,0.95765597,0.8517075,0.6143457,0.17989838,-0.20243207,0.8551282,0.7637127,0.84677994,0.91247237
0.7121712,0.7289142,0.8475056,0.55616856,0.19630077,0.7530306,0.89422977,0.37644643,0.95908904,0.8640623,0.6231117,0.19639094,-0.20096715,0.85927457,0.75064415,0.8672416,0.9278916
0.6849862,0.7226133,0.8334,0.5327228,0.18613763,0.74923855,0.8897666,0.35854608,0.96236676,0.85608256,0.6628142,0.20621122,-0.16525231,0.8455006,0.74965185,0.8600991,0.9179599
0.68483233,0.75549686,0.86029863,0.6652052,0.29892838,0.783399,0.93436396,0.6176494,0.9610585,0.79824895,0.64173484,0.25061014,-0.12563121,0.8808505,0.80285865,0.91575325,0.96685416
0.6600467,0.75513893,0.85594153,0.6408201,0.30166146,0.7620306,0.9268912,0.52236396,0.95960927,0.84121245,0.66184056,0.22035474,-0.14686494,0.86637044,0.8002035,0.9019612,0.9577197
0.5425569,0.7040181,0.8148627,0.6120972,0.3123632,0.7321363,0.8843949,0.46386927,0.9429937,0.81339943,0.6600385,0.19954978,-0.11946847,0.8592182,0.81009084,0.85564697,0.9390633
0.58379453,0.71478635,0.8148336,0.6199512,0.31565124,0.7141107,0.8792149,0.48203182,0.94571435,0.81810385,0.6736109,0.24488753,-0.109125964,0.86087126,0.8078158,0.8618332,0.93964976
0.5897802,0.7124654,0.8125144,0.6007283,0.31986535,0.6970452,0.88150203,0.45496002,0.9415191,0.82225734,0.67526126,0.22544691,-0.10247604,0.85041445,0.799929,0.855854,0.9371413
0.56188416,0.70073384,0.78885615,0.6008001,0.30723223,0.6946783,0.86546993,0.46661028,0.93594605,0.7881114,0.65565467,0.23404193,-0.09809247,0.85116994,0.80053,0.842259,0.92936957
0.5611853,0.69477916,0.7474765,0.61444545,0.30251127,0.6203933,0.84126765,0.42678663,0.915286,0.76752496,0.6057571,0.23331995,-0.092229374,0.83248925,0.76880157,0.81618387,0.90428096
0.5275847,0.68710554,0.5969235,0.2804476,0.029344874,0.33747545,0.7555139,0.2673809,0.871628,0.626019,0.5824032,0.27230793,-0.118511714,0.46269116,0.49481028,0.6723715,0.69199187
0.42535478,0.6624166,0.5386066,0.25886813,0.020981487,0.37418345,0.6858079,0.13553646,0.83741164,0.6460273,0.5009816,0.19416799,-0.20152538,0.46847355,0.52934694,0.6026101,0.6112213
0.45155582,0.68285125,0.47564465,0.23031259,-0.0056558554,0.36520767,0.7264075,0.18584193,0.85356456,0.6490877,0.5158008,0.23184836,-0.15766248,0.48584306,0.5597217,0.6056347,0.5981641
0.44569445,0.68368965,0.4896445,0.21282421,-0.002722951,0.35833162,0.7429139,0.15418068,0.8461313,0.6561118,0.50263053,0.20836625,-0.15380707,0.47411564,0.5482206,0.6019174,0.6021651
0.48252285,0.69180423,0.5045972,0.20529638,-0.016943451,0.36036456,0.7468544,0.24133429,0.8572508,0.6436101,0.5147474,0.25007784,-0.12920882,0.44012904,0.508814,0.64729786,0.61939394
0.45475623,0.6924348,0.53582263,0.26284537,0.02059803,0.3293694,0.74044067,0.19781627,0.84389716,0.6481037,0.51554537,0.23803602,-0.16892335,0.45821688,0.5338895,0.6269839,0.6409972
0.4612169,0.6911987,0.5265167,0.25884888,0.022351466,0.33379105,0.73626816,0.2136624,0.84340656,0.62874097,0.5153279,0.24458778,-0.16205506,0.46320075,0.5374476,0.6343512,0.65175456
0.46773383,0.6942713,0.52485186,0.24976385,0.011863358,0.32276803,0.7407148,0.24321319,0.8524216,0.61296225,0.5383048,0.27186343,-0.13953915,0.4430017,0.5245506,0.64227515,0.6496044
0.4885882,0.73011714,0.50741816,0.18603303,-0.043564156,0.40770537,0.75718355,0.21753292,0.86864495,0.66903543,0.47030702,0.2509167,-0.19877642,0.44880548,0.5342705,0.66933584,0.62448955
0.46615604,0.7257314,0.48679668,0.16707279,-0.05283001,0.40324292,0.74277055,0.20157743,0.86531264,0.6673821,0.46982914,0.24442008,-0.20075968,0.41991448,0.52417415,0.6577388,0.59318554
0.4946752,0.73286855,0.5083746,0.18797126,-0.049324952,0.3913056,0.76347464,0.23318598,0.8765614,0.656773,0.4994157,0.27486745,-0.18411884,0.44017398,0.53172046,0.6712944,0.62911564
0.47993976,0.729325,0.5023892,0.17748815,-0.05230923,0.3944511,0.7594662,0.21707326,0.8747306,0.6580368,0.49700743,0.267194,-0.18509087,0.42466682,0.52666205,0.66813546,0.61707234
0.50653565,0.7361999,0.51634103,0.19426861,-0.05190816,0.38165593,0.7700448,0.24784733,0.87822354,0.6489941,0.5006293,0.2893749,-0.17807539,0.4396526,0.5246005,0.6786262,0.6395962
0.47071096,0.7322611,0.4897861,0.17120603,-0.06554854,0.4095152,0.73891324,0.2283791,0.8742159,0.6514725,0.47848842,0.279667,-0.20680813,0.44050205,0.5409621,0.66322654,0.6108634
0.46955374,0.73255503,0.49659038,0.17625357,-0.06625464,0.41342747,0.74752,0.23043442,0.87413436,0.6433861,0.47226432,0.28240865,-0.20564163,0.45172402,0.545781,0.6633233,0.6207745
0.53918016,0.7406373,0.5681986,0.22047332,-0.0545575,0.38091022,0.7650845,0.19164932,0.88944304,0.61942506,0.5220147,0.30938905,-0.22309752,0.46065313,0.52832615,0.6743251,0.6644326
0.46590558,0.7295133,0.532666,0.1751588,-0.06759995,0.38281003,0.73795074,0.084967524,0.87352103,0.6370925,0.49087766,0.25858852,-0.25606066,0.43392554,0.5376227,0.61638635,0.59459865
0.552853,0.74116623,0.61470526,0.22625321,-0.031937692,0.35235405,0.80137664,0.122486405,0.8824226,0.6614609,0.52089256,0.26096308,-0.23391333,0.443638,0.50830954,0.67686135,0.6930973
0.5292405,0.7333303,0.60334074,0.24021545,-0.02532982,0.36458153,0.7863214,0.09580687,0.8911718,0.67056257,0.55230075,0.2642215,-0.23473172,0.4351457,0.5187484,0.68047386,0.6801679
0.550831,0.7388719,0.611506,0.27280942,-0.030774098,0.37648693,0.787596,0.16070244,0.8981483,0.6503712,0.55072385,0.30163592,-0.2349462,0.4650358,0.526282,0.70083493,0.70500654
0.49531496,0.73816115,0.5644913,0.24565917,-0.06115867,0.40305802,0.74577415,0.14504324,0.89183944,0.6288199,0.5096937,0.30469006,-0.26442686,0.48711452,0.55798954,0.6611327,0.65692323
0.54017425,0.7486913,0.6043604,0.23245521,-0.06381762,0.38492984,0.77874464,0.18151979,0.8908508,0.6395207,0.5040238,0.31129628,-0.2540688,0.47211412,0.5284377,0.68056875,0.6875048
0.44369218,0.68905175,0.5521721,0.21604156,-0.068518,0.33171564,0.6969055,0.13860098,0.8692298,0.58704,0.53294873,0.30940333,-0.21170126,0.46615505,0.5254541,0.578119,0.6066643
0.39662787,0.6775782,0.5424241,0.16317944,-0.07612053,0.33652678,0.68150944,0.06532777,0.8486066,0.61892414,0.49395034,0.2489012,-0.23234299,0.39833987,0.487852,0.55777085,0.5538526
0.46896204,0.68703645,0.6007817,0.25448275,-0.04835095,0.3630448,0.7260678,0.14412372,0.868022,0.6101939,0.50792277,0.28676835,-0.23264374,0.48361894,0.51800144,0.62379766,0.6653188
0.4110975,0.64310575,0.5871245,0.23417847,-0.050665915,0.3363855,0.6772947,0.17471763,0.85205185,0.59393877,0.52568877,0.2845421,-0.18610536,0.44839105,0.48095572,0.5917899,0.6321953
0.40181208,0.62214184,0.58793956,0.26039532,-0.041343205,0.37201405,0.6691592,0.14699347,0.82191104,0.5918349,0.4484362,0.2413544,-0.2504611,0.4921092,0.5135703,0.5675463,0.6440292
0.47878978,0.6305641,0.6279496,0.28110686,-0.033709146,0.39963713,0.7079783,0.2442009,0.8299899,0.5664048,0.44213182,0.27929914,-0.24778403,0.5391838,0.5299612,0.6161347,0.7200296
0.4772631,0.63094556,0.53768015,0.4184203,0.03509833,0.14155719,0.5824878,0.2889771,0.805777,0.51691824,0.5153534,0.3750026,-0.18112034,0.55847746,0.4343751,0.61589515,0.6686481
0.43066648,0.62563044,0.528422,0.34070018,0.019634835,0.18157762,0.55568594,0.28064626,0.8097841,0.54352665,0.53366387,0.34869832,-0.17000006,0.49753442,0.4029966,0.6215583,0.63733214
0.3889936,0.62531495,0.5681726,0.34040746,0.04913002,0.30457467,0.58510715,0.2737831,0.8446911,0.5435709,0.557946,0.3521305,-0.13020967,0.56739134,0.4600012,0.67992216,0.70396256
0.39547968,0.68887514,0.5687674,0.42489153,0.108626306,0.17305575,0.6066301,0.37389937,0.8442378,0.5142914,0.61223763,0.41821402,-0.12613952,0.5619407,0.5010947,0.6954048,0.7520182
0.41556895,0.6978358,0.6057811,0.4487028,0.10983207,0.21974225,0.62628025,0.4240131,0.8569396,0.52550733,0.60375935,0.43067718,-0.13050194,0.5862479,0.49934366,0.7322175,0.78358996
0.38522625,0.6974661,0.61437744,0.39552516,0.093698755,0.27702293,0.61907065,0.45257118,0.8614834,0.53880775,0.60440475,0.41503325,-0.12679622,0.5563092,0.4781944,0.74749416,0.7825234
0.35791796,0.6748735,0.59037143,0.3278601,0.054497644,0.27019536,0.5826153,0.36252075,0.8517378,0.56725305,0.5933207,0.3773113,-0.14222981,0.546471,0.46909744,0.68725914,0.72558
0.39379546,0.6709565,0.6238937,0.38201964,0.085579336,0.27278113,0.61847156,0.36583212,0.858608,0.58452386,0.60974276,0.36871195,-0.14599317,0.56727314,0.47342682,0.7151995,0.7660055
0.38601914,0.6768208,0.6447802,0.3646132,0.079981975,0.30445343,0.63744,0.39898992,0.87694997,0.5935335,0.64024985,0.3814116,-0.118371844,0.55365556,0.46034822,0.74005383,0.77799314
0.35445562,0.6326264,0.654101,0.3954986,0.13770454,0.24939923,0.6071676,0.37593755,0.85207427,0.5638966,0.6601041,0.3617239,-0.07965956,0.55484396,0.45414758,0.72284925,0.7931337
0.3299364,0.64118177,0.6685026,0.4301101,0.11261454,0.2835492,0.6073053,0.4066347,0.86120284,0.5750031,0.64535874,0.37986717,-0.12411397,0.5957329,0.4879572,0.7088624,0.791188
0.34613362,0.63769543,0.6652294,0.42868268,0.122471526,0.2581405,0.61376876,0.3969452,0.85680187,0.5712472,0.652903,0.37247783,-0.11395814,0.5827009,0.4765872,0.7088754,0.79302055
0.32462928,0.6649397,0.58493936,0.3548549,0.11873752,0.266107,0.6265795,0.4102973,0.84672636,0.57698303,0.6284814,0.36290568,-0.07879591,0.5371716,0.48794273,0.72751147,0.77145135
0.31818196,0.6689572,0.57627255,0.3614999,0.10447334,0.27411354,0.61605716,0.43667555,0.8544215,0.55997145,0.631999,0.38926122,-0.07830519,0.5509243,0.50143605,0.7232584,0.76585114
0.28639367,0.6637526,0.60372704,0.38664925,0.10734357,0.3282326,0.6352881,0.44857967,0.8612872,0.5717764,0.6247605,0.3683402,-0.09440287,0.56618637,0.5061715,0.7392564,0.7830799
0.25895986,0.67458993,0.61260784,0.3947496,0.087089226,0.33823532,0.6099109,0.42081627,0.8631376,0.6250206,0.6034047,0.37204346,-0.14435893,0.5791434,0.52151877,0.72063506,0.75867563
0.3991624,0.7317954,0.68311596,0.42779195,0.07930405,0.32953268,0.6737091,0.36975172,0.89749867,0.6444236,0.631938,0.40960303,-0.21171127,0.5867351,0.51572317,0.7562041,0.7917746
0.37210944,0.72877944,0.70712596,0.43639046,0.084847234,0.35909384,0.68410397,0.33353505,0.8941637,0.6879741,0.6135558,0.36577156,-0.2514323,0.5892904,0.51622486,0.7556018,0.7958831
0.3724541,0.7408354,0.6808527,0.4430394,0.052453373,0.3905848,0.63840336,0.41728583,0.9011751,0.63937265,0.5928196,0.43015644,-0.2566587,0.6387825,0.5546653,0.75319344,0.7916285
0.38354582,0.74718595,0.720734,0.47439805,0.047460977,0.3767426,0.68005264,0.412429,0.90730095,0.6892504,0.6020524,0.42406267,-0.27556005,0.6228847,0.52984923,0.75953513,0.7953586
0.38356623,0.75062346,0.7499656,0.54606885,0.10149164,0.42102924,0.71080565,0.4740407,0.9033818,0.68552995,0.5672953,0.42523918,-0.2781864,0.6734305,0.5611004,0.80232996,0.8492409
0.43256694,0.7547982,0.76019436,0.56001705,0.10583044,0.36993703,0.7381486,0.49202958,0.90456927,0.68532026,0.59638405,0.4368065,-0.2740759,0.6703695,0.5556767,0.7966872,0.8579485
0.42667046,0.7513664,0.762382,0.5625476,0.10397363,0.3711544,0.7308151,0.48556075,0.8968146,0.70355076,0.5775713,0.4070948,-0.3103876,0.6630702,0.54931444,0.78969496,0.855192
0.330768,0.7597835,0.79507154,0.58590305,0.14537361,0.5533261,0.7786587,0.4605176,0.93232954,0.65398705,0.57261485,0.4658566,-0.17242172,0.7623724,0.61881715,0.85881776,0.89672
0.39962566,0.7021341,0.7234615,0.50082666,0.014925964,0.39628747,0.6568686,0.49356344,0.89949745,0.6092985,0.58193356,0.43829742,-0.27129802,0.6990648,0.55078954,0.7141816,0.80838096
0.35927963,0.6938356,0.73716855,0.47668287,0.01663418,0.4400426,0.6573525,0.4762827,0.8960151,0.6451522,0.5634613,0.38772726,-0.28268212,0.6668509,0.51519865,0.7340757,0.80636257
0.31817544,0.69397587,0.7134395,0.44799748,0.0024077496,0.43773207,0.61893123,0.4376469,0.895468,0.64693046,0.55741894,0.39831623,-0.27122468,0.65056103,0.5135146,0.71921116,0.77038294
0.3575653,0.7072696,0.7221691,0.42287704,-0.025778059,0.45450303,0.6277281,0.41353667,0.9031899,0.66013706,0.5508796,0.3889628,-0.30444264,0.6251522,0.48487517,0.72807056,0.75864345
0.3931188,0.70524484,0.71941197,0.44903785,-0.00929401,0.38567367,0.6351617,0.37466884,0.90357137,0.6773023,0.5871545,0.39608103,-0.2944904,0.59896684,0.46606755,0.7207042,0.74699754
0.3956749,0.70957667,0.7426728,0.44924587,-0.005002227,0.44669265,0.64462656,0.4146082,0.909979,0.68807846,0.5760094,0.3920671,-0.29879162,0.617346,0.46692663,0.75626975,0.7789918
0.38314995,0.7135789,0.7260105,0.44561872,-0.017981077,0.45972958,0.6204335,0.43504828,0.9118157,0.6610414,0.57328373,0.41744924,-0.30749908,0.6574007,0.51623416,0.7366311,0.77637035
0.40664488,0.7559851,0.7154894,0.42315254,-0.019455014,0.5089498,0.679703,0.5148963,0.9164582,0.7031041,0.541391,0.420423,-0.32881647,0.672008,0.562939,0.77783036,0.80751765
0.31106672,0.7410382,0.67908704,0.39393476,-0.029672557,0.49159205,0.6542417,0.40449914,0.89680654,0.7043728,0.49034172,0.36298504,-0.3485452,0.64800686,0.5630355,0.7226903,0.7491978
0.3631777,0.7442296,0.71496403,0.41492587,-0.004791757,0.50610673,0.7011955,0.46986976,0.9186245,0.7035827,0.5771472,0.39069155,-0.30213764,0.6495364,0.55609155,0.7729751,0.8024488
0.35344777,0.74143827,0.7127772,0.39817086,-0.010550914,0.5208838,0.69269043,0.48508167,0.91949564,0.70361793,0.57777584,0.3865765,-0.2954305,0.62690955,0.5358351,0.78393155,0.7982862
0.26191658,0.659141,0.71315634,0.39051667,-0.0074875387,0.496908,0.60490906,0.47853544,0.893312,0.6554947,0.57231236,0.35370785,-0.25374824,0.6318773,0.49836305,0.721462,0.7727188
0.2563315,0.6610131,0.7066285,0.4088586,0.0046742726,0.47303018,0.6069954,0.43842295,0.8959958,0.65669084,0.59519327,0.35974735,-0.25504816,0.6610229,0.5385736,0.6957982,0.7719027
0.273537,0.6665205,0.7125879,0.40688244,-0.0065733604,0.48405132,0.6120748,0.4841909,0.89736927,0.6450851,0.58354,0.37233782,-0.25007367,0.65614986,0.52062845,0.71344614,0.7797843
0.3032685,0.66170704,0.74122626,0.42268097,0.019252997,0.49136874,0.6490552,0.45064363,0.90074503,0.68643767,0.5998138,0.34533224,-0.26010036,0.6485717,0.5188299,0.7345741,0.8035252
0.28294915,0.6677827,0.70749146,0.39150307,-0.008071577,0.5222458,0.6525296,0.47797596,0.89950114,0.69450337,0.5661864,0.3276848,-0.26046082,0.6403172,0.5155541,0.74138224,0.78492457
0.2759532,0.6699383,0.69890153,0.37418592,-0.012976151,0.51181215,0.645876,0.47779244,0.89615923,0.68755114,0.5647539,0.32458502,-0.25706816,0.63735694,0.51341784,0.7305178,0.7778956
0.22794034,0.6680269,0.665373,0.34459335,-0.035221107,0.5010839,0.5914286,0.44129595,0.89188814,0.6941457,0.5535332,0.3288131,-0.26538846,0.6106274,0.5076544,0.7031632,0.7239448
0.35621452,0.7270828,0.77597314,0.4189372,-0.035323087,0.528901,0.7314553,0.43340257,0.9209552,0.6732863,0.5662446,0.44868883,-0.30716985,0.65185887,0.63421136,0.7367325,0.8330868
0.41196084,0.7406209,0.69143516,0.4032272,-0.056771807,0.37658262,0.6987978,0.34328052,0.8946991,0.65950805,0.5231966,0.4423932,-0.33806875,0.5965883,0.61112744,0.65836287,0.7523062
0.48269796,0.769459,0.69902176,0.36295545,-0.10984357,0.40821844,0.7220498,0.28044584,0.91331166,0.6879132,0.5086044,0.43965715,-0.3856465,0.5844735,0.593965,0.6721344,0.73098564
0.48635796,0.76855433,0.6943973,0.3648698,-0.10882759,0.3950144,0.7196307,0.27648327,0.9110832,0.68523705,0.50668925,0.439168,-0.38413942,0.57826275,0.58816344,0.66856563,0.72568554
0.49181604,0.7671915,0.6873516,0.3677356,-0.107303254,0.37489963,0.71596915,0.2705216,0.90763783,0.681188,0.50380707,0.43843397,-0.381875,0.5688197,0.5793464,0.6631542,0.71757084
0.49134076,0.7790649,0.71085805,0.4559905,-0.029920654,0.30926102,0.7311394,0.32040262,0.90094054,0.6558555,0.5365263,0.47086427,-0.36967608,0.58193535,0.604433,0.68935895,0.77475154
0.49496043,0.7781932,0.706384,0.45773652,-0.02889331,0.29495448,0.72878706,0.31654263,0.8984109,0.652961,0.53468645,0.4703924,-0.36814773,0.5756968,0.5987434,0.6859425,0.7701991
0.50035787,0.77687997,0.6995657,0.46034893,-0.027352134,0.273246,0.7252259,0.3107329,0.8945016,0.64858323,0.53191704,0.4696841,-0.36585146,0.566212,0.5900944,0.68076044,0.7632206
0.48486847,0.7466864,0.712724,0.4911288,0.00161123,0.21630427,0.6981705,0.31119218,0.87847745,0.6134288,0.5510942,0.46681485,-0.34088412,0.5653724,0.56914234,0.65265244,0.76813334
0.4885184,0.7457052,0.7082739,0.49280134,0.0026394539,0.201247,0.69558036,0.30730718,0.87541187,0.61026144,0.5492951,0.46634066,-0.33931965,0.5589556,0.5630833,0.6489161,0.76346505
0.4939613,0.7442273,0.7014917,0.4953033,0.004181799,0.17848371,0.69166094,0.3014606,0.8706778,0.6054737,0.5465869,0.4656289,-0.33696944,0.5492037,0.5538802,0.6432524,0.7563101
0.5071081,0.7482309,0.6749306,0.44442672,-0.044643205,0.20883182,0.68945795,0.26821038,0.87610704,0.6280758,0.5192299,0.44947007,-0.35026628,0.52988327,0.53685457,0.63318366,0.7142675
0.51065236,0.7472548,0.6700078,0.44619575,-0.04361694,0.19372614,0.68680686,0.26421902,0.8729856,0.62500054,0.51734287,0.4489863,-0.34871325,0.52310216,0.53047734,0.62928486,0.7086934
0.47357413,0.7464401,0.6843615,0.47458917,-0.008356341,0.23693435,0.72758704,0.19388643,0.8908908,0.59665835,0.5350777,0.4654887,-0.2733987,0.5767648,0.559987,0.6653266,0.7380182
0.5284469,0.73950136,0.7165893,0.4604305,-0.027977668,0.219874,0.7329398,0.1796215,0.89752674,0.58708644,0.55686766,0.4700898,-0.2707519,0.56325614,0.5149047,0.6625881,0.74146396
0.4904829,0.731887,0.7015269,0.4742813,-0.022530872,0.22687677,0.7200228,0.122929595,0.8900094,0.5818544,0.5410615,0.44523168,-0.30455518,0.6026635,0.5623744,0.6158852,0.7315342
0.5179856,0.71853125,0.7200528,0.44396102,-0.044831738,0.22925776,0.6880733,0.11654364,0.8924658,0.5913931,0.5455866,0.44669068,-0.2978429,0.55957305,0.49312174,0.6295051,0.7116029
0.5096313,0.7159578,0.7229524,0.40655038,-0.048587464,0.22675028,0.7032844,0.09977253,0.8858159,0.59207875,0.5377658,0.42683917,-0.2854927,0.5301288,0.47089168,0.6234826,0.70480907
0.50554603,0.7129471,0.7235189,0.42543307,-0.037952267,0.21994491,0.7110761,0.07069769,0.8836087,0.59030914,0.5353396,0.41696048,-0.29020962,0.5476329,0.4863654,0.6137215,0.71076065
0.5121993,0.71676654,0.73173934,0.42599335,-0.04333172,0.27867988,0.7134761,0.13888086,0.8997863,0.57469815,0.5593603,0.4434235,-0.28237557,0.57234424,0.5125625,0.64682674,0.74113613
0.49869752,0.7143946,0.7271899,0.40110382,-0.047531486,0.26949242,0.71475375,0.110387094,0.8932406,0.577255,0.5483825,0.4267138,-0.27931935,0.5512431,0.49923152,0.63282406,0.72599655
0.5504827,0.7249615,0.75049233,0.40158212,-0.039703593,0.24511926,0.74508876,0.14371386,0.89390755,0.5881082,0.55427,0.43566027,-0.26960716,0.55293727,0.48251536,0.6535951,0.7566876
0.43611473,0.7165652,0.6647496,0.4095132,-0.009233683,0.2852063,0.71563137,0.26978087,0.8832972,0.5816421,0.5460349,0.4480598,-0.21278143,0.5480263,0.5489271,0.67817926,0.74516916
0.39201647,0.71601325,0.6473838,0.33137453,-0.031629983,0.27186364,0.70932513,0.20543359,0.8593788,0.58865035,0.49634865,0.40865436,-0.22331044,0.5139869,0.5349401,0.6267827,0.70104384
0.4397994,0.7205083,0.6530171,0.3480393,-0.029037798,0.25263557,0.72006804,0.27403897,0.8744526,0.5669804,0.54213655,0.44941995,-0.19025859,0.50578445,0.5219682,0.65774614,0.7223232
0.4167137,0.72024435,0.64505076,0.36008054,-0.028323496,0.26278022,0.7060376,0.24548613,0.8676798,0.57096916,0.51250184,0.43404126,-0.21399105,0.5299445,0.538742,0.6430288,0.71540487
0.39938617,0.7077234,0.67741996,0.39462945,-0.0027573202,0.22496824,0.680381,0.15565504,0.86125165,0.5581907,0.53577596,0.41915792,-0.24799687,0.5328975,0.5386531,0.6048191,0.71541566
0.43571368,0.70745516,0.6762557,0.4197807,0.005842573,0.18225601,0.6997972,0.19126908,0.8623857,0.5193475,0.55067885,0.4426712,-0.21231475,0.5259985,0.5169611,0.6202308,0.72673005
0.4245513,0.7062837,0.67839104,0.39702335,0.00694996,0.18597989,0.6953697,0.15556386,0.85505307,0.5455967,0.5363151,0.4213287,-0.22008997,0.50711745,0.5050357,0.6167926,0.71620923
0.50680107,0.7701347,0.6922894,0.3858606,-0.030238148,0.25792512,0.75764674,0.106701724,0.8951867,0.5957829,0.52521586,0.43497777,-0.29135588,0.53412926,0.54281443,0.67048156,0.7347113
0.50593525,0.77218693,0.68161064,0.34928167,-0.043707818,0.23122191,0.75610995,0.10542489,0.890717,0.5877557,0.5263094,0.4374639,-0.27812043,0.5046878,0.525514,0.6542201,0.71429276
0.51853216,0.772593,0.68495804,0.36420602,-0.039693724,0.24377109,0.747449,0.11794572,0.8885725,0.59574735,0.50846785,0.4365212,-0.2972329,0.519012,0.5298579,0.6641869,0.7236669
0.42271823,0.715805,0.6634488,0.40218517,0.030514296,0.17934158,0.7236338,0.25449356,0.8447324,0.5202971,0.5257813,0.44026774,-0.17616242,0.5319977,0.5362583,0.6403024,0.7542606
0.42044976,0.7203045,0.66120076,0.44940004,0.051886767,0.16688627,0.7389088,0.20431201,0.8515238,0.4924163,0.54090756,0.45946327,-0.18471223,0.6349447,0.6246619,0.59324896,0.77665305
0.40691835,0.71715575,0.6358111,0.370542,0.00019357959,0.22046123,0.6815913,0.30403903,0.8381718,0.48943144,0.48479807,0.4547695,-0.19538885,0.53449404,0.5431406,0.63399553,0.73507494
0.4961548,0.7545124,0.63474363,0.38206765,-0.034154113,0.20652877,0.71633273,0.19357751,0.858799,0.5209027,0.45314267,0.45161286,-0.26361874,0.5472847,0.53802633,0.6340398,0.7110745
0.50780797,0.7555165,0.6441014,0.36951327,-0.02793227,0.18043645,0.73214334,0.18039364,0.8632673,0.53697014,0.48827204,0.44897938,-0.24572557,0.52167004,0.52299386,0.6375733,0.7136645
0.47132802,0.7516721,0.6374408,0.3602739,-0.029166376,0.22243145,0.71794355,0.14226903,0.8545259,0.5425374,0.44407767,0.4249372,-0.2670213,0.53937626,0.53974295,0.62787414,0.7047806
0.4606691,0.7102791,0.6355713,0.33593705,-0.026607819,0.17269754,0.7013306,0.19076164,0.85201967,0.5055571,0.5160851,0.44021282,-0.1707902,0.5036396,0.491034,0.6103413,0.6948119
0.47350404,0.7105645,0.6359129,0.3495048,-0.025800306,0.1766478,0.7057124,0.216118,0.8509299,0.4835463,0.5079729,0.44795227,-0.17310311,0.5239807,0.5015088,0.6126245,0.7086797
0.47066185,0.7095328,0.62770975,0.32435575,-0.022577824,0.20629756,0.6976807,0.2180924,0.8426017,0.46150148,0.47549954,0.4376732,-0.1637026,0.5272078,0.49850497,0.6288954,0.7171445
0.48660228,0.7338897,0.62739724,0.2777014,-0.055322424,0.2088313,0.70353407,0.090698525,0.86220616,0.5507909,0.4868423,0.41888073,-0.2154824,0.49536708,0.49343637,0.6114024,0.66533357
0.47784102,0.73536074,0.6293873,0.27026328,-0.06384396,0.22561485,0.70216125,0.105781935,0.86643225,0.5511378,0.48729172,0.42261687,-0.21422713,0.49025333,0.49045515,0.6174057,0.66291416
0.49753663,0.73244214,0.6417496,0.31687933,-0.03996723,0.20250185,0.7324706,0.088187106,0.8676078,0.5375582,0.50756973,0.41956642,-0.21440046,0.53424865,0.5237542,0.60614866,0.69802505
0.43703473,0.7219651,0.6384689,0.2832177,-0.048496395,0.23571558,0.6857689,0.09896038,0.8564282,0.5331367,0.48349008,0.4075963,-0.2228954,0.49170133,0.49825615,0.60412145,0.6698283
0.4466701,0.72576296,0.66175306,0.3049147,-0.040548988,0.23058884,0.7001246,0.083703145,0.8616576,0.5697511,0.49131173,0.40547618,-0.2301152,0.49443898,0.49247202,0.6154403,0.67966104
0.4692596,0.730549,0.6536437,0.30486682,-0.043849874,0.23766735,0.70401186,0.14266278,0.8649697,0.5166394,0.48938638,0.43181482,-0.20861727,0.52067846,0.505026,0.62789553,0.70281273
0.5258131,0.74545836,0.67317593,0.2920113,-0.06825151,0.23437606,0.72332937,-0.01981315,0.8809059,0.58646345,0.49522188,0.4130736,-0.27659923,0.5524048,0.5286203,0.5885862,0.6784109
0.5034153,0.74442726,0.6637177,0.29640704,-0.08512561,0.23402019,0.69793445,-0.018750824,0.8733438,0.600581,0.4589898,0.4021204,-0.3000866,0.52651465,0.5002209,0.5811175,0.64039934
0.49111614,0.73384917,0.64270854,0.23915973,-0.085922554,0.24242783,0.69583344,-0.011602328,0.86966944,0.56543136,0.4718171,0.38955918,-0.25567615,0.46429887,0.46212184,0.5997946,0.6275771
0.47512245,0.7125707,0.6225296,0.30828413,-0.043321926,0.21969114,0.69769096,0.13761273,0.8467695,0.51392084,0.4546549,0.41963777,-0.19509262,0.54737943,0.51402533,0.601943,0.6894229
0.38686568,0.6962259,0.58319825,0.25448987,-0.051235586,0.19511352,0.66035426,-0.0021953548,0.8368423,0.5609572,0.47821683,0.37500912,-0.20671849,0.4828933,0.5094614,0.5299217,0.59378225
0.56565225,0.7346926,0.63834035,0.3303168,-0.03737959,0.08483363,0.69259393,0.109690495,0.8503865,0.59891975,0.51853263,0.45829454,-0.24400948,0.56670505,0.5438979,0.5433129,0.6839256
0.60745996,0.78987396,0.6390572,0.3277099,-0.060344446,0.16477038,0.7597112,0.09817531,0.88333213,0.64007896,0.49346182,0.4673248,-0.30105612,0.59567326,0.5946384,0.6070247,0.7113741
0.5261515,0.7644842,0.52753556,0.24994971,-0.09947778,0.23727512,0.74710727,0.13773221,0.86442846,0.65353787,0.4232206,0.42350233,-0.26180506,0.6026608,0.6220797,0.5676688,0.64677405
0.6018975,0.7851302,0.66793996,0.39474356,-0.03639189,0.21038552,0.79739743,0.09773649,0.88816535,0.61644685,0.48795462,0.45344746,-0.3145159,0.66774154,0.6458579,0.60836977,0.7659758
0.57509303,0.6675025,0.71650845,0.40694326,-0.047736853,0.1696983,0.7342232,0.009791419,0.8601314,0.53225255,0.51581997,0.39750585,-0.2747468,0.6881807,0.5752044,0.46442407,0.742225
0.57274085,0.6647235,0.7261845,0.43236423,-0.03815069,0.18800797,0.7514101,0.009614142,0.8624484,0.5209635,0.5136872,0.3915581,-0.2802363,0.7126698,0.5970853,0.4650928,0.76311785
0.5275435,0.6675709,0.7167555,0.33002606,-0.092509165,0.24212159,0.7025106,0.06613735,0.87022763,0.5645536,0.49602,0.39963248,-0.23885025,0.58009225,0.46331343,0.54999566,0.68735147
0.52472675,0.71084964,0.7124257,0.32174367,-0.106589384,0.29752624,0.7302497,0.05846881,0.87969565,0.645766,0.45039028,0.38217247,-0.29657996,0.58106714,0.49440038,0.58847654,0.68536377
0.5447247,0.71560186,0.7277226,0.32578292,-0.1110969,0.32827482,0.75045073,0.14245911,0.8905302,0.62187415,0.46239498,0.40380856,-0.2721229,0.5834706,0.4816407,0.6330004,0.7207284
0.43252552,0.70114976,0.69909763,0.28329518,-0.15278715,0.41140664,0.68383896,0.076008864,0.86743873,0.65360963,0.35219267,0.33107606,-0.37994048,0.59300303,0.5262228,0.5505854,0.6491835
0.466995,0.72658265,0.7343724,0.3457218,-0.06320991,0.274338,0.67217314,0.057223767,0.87971866,0.6622556,0.4920171,0.4304941,-0.31096658,0.5790333,0.53250515,0.5872864,0.69373846
0.4942507,0.72510064,0.74340475,0.36218628,-0.05511459,0.27369136,0.70341456,0.10093347,0.88121843,0.63482535,0.50395954,0.4349983,-0.30204087,0.59856087,0.54397,0.59552604,0.72971076
0.4938572,0.725523,0.7468375,0.32319793,-0.06974836,0.31135124,0.71028745,0.18796845,0.8912958,0.61075646,0.5213891,0.4425611,-0.25605267,0.54172206,0.48671767,0.6547177,0.7392766
0.4300715,0.69485134,0.6769665,0.35170838,-0.026690135,0.21018685,0.672477,0.12120988,0.84398234,0.552537,0.48455486,0.4025289,-0.23259006,0.49372447,0.4718621,0.5996301,0.6843178
0.44523627,0.687093,0.6693177,0.3708712,-0.007977638,0.17888236,0.70031977,0.1285043,0.84689397,0.49769336,0.5200142,0.40961152,-0.19041733,0.4993966,0.47638053,0.60179436,0.70576143
0.45616388,0.66258264,0.66107386,0.35172155,-0.0009524312,0.22488563,0.7115182,0.17923549,0.84417033,0.43404847,0.5314113,0.40974936,-0.17099339,0.48932278,0.4856371,0.6198659,0.7288477
0.36483377,0.66467386,0.67226523,0.37885046,-0.0031454994,0.25642952,0.6576521,0.041011386,0.83470327,0.5102607,0.47872126,0.35730928,-0.260449,0.54154533,0.52683604,0.5598223,0.69504136
0.41506195,0.6793207,0.6969494,0.3799199,-0.0031483977,0.28220043,0.6940318,0.14327975,0.8616739,0.4772062,0.5204959,0.40444887,-0.21323884,0.55597746,0.523802,0.6219283,0.7465951
0.4511018,0.6847499,0.70975935,0.3659907,0.0045125014,0.21292938,0.71608406,0.10881813,0.8560469,0.518351,0.54339623,0.3951539,-0.20533355,0.5169571,0.49159962,0.6109868,0.74134165
0.5061828,0.7406683,0.720326,0.3602806,-0.04247633,0.33182266,0.7522779,0.14789623,0.8950926,0.5349563,0.51544404,0.4235976,-0.27016202,0.5567771,0.5307572,0.6783289,0.76620173
0.48716784,0.73463446,0.72773147,0.32788196,-0.029515656,0.29491803,0.76539445,0.03027113,0.88330376,0.5917459,0.5172854,0.37380114,-0.2786156,0.5181777,0.51524556,0.64637613,0.74408877
0.5411957,0.74360716,0.74353874,0.3647663,-0.03184828,0.33928597,0.7829985,0.19839463,0.9070605,0.5303443,0.5573313,0.4403259,-0.23551388,0.5480736,0.51671404,0.71620876,0.7985923
0.5021454,0.7275701,0.6901986,0.339042,-0.030298153,0.2453919,0.742385,0.078573614,0.8733868,0.5190587,0.50339425,0.3962722,-0.23240124,0.46898192,0.4544306,0.6639475,0.7199229
0.52286774,0.7297098,0.69752365,0.36731496,-0.026300222,0.22024988,0.7427296,0.070435815,0.85869485,0.5357713,0.46098486,0.3857006,-0.26671225,0.4892863,0.45284525,0.65094036,0.72207576
0.54721886,0.7413607,0.7055998,0.38957676,-0.03297654,0.21328631,0.7452176,0.12687868,0.88503504,0.5364561,0.52358025,0.44439912,-0.24402885,0.5045956,0.4671176,0.67088383,0.73330814
0.44788083,0.6917781,0.6912601,0.4699263,0.07724166,0.15335302,0.7332049,0.22591035,0.84483075,0.46305546,0.55510575,0.43702203,-0.1511476,0.517438,0.5036488,0.6720266,0.7838797
0.43472216,0.6929336,0.6888461,0.4635676,0.064824544,0.16718936,0.7228541,0.24050134,0.8495014,0.47089788,0.5579698,0.44043034,-0.15929519,0.50687265,0.5003617,0.6717704,0.7751523
0.47261018,0.6955279,0.71134466,0.47446367,0.08906034,0.15912469,0.75890297,0.23393333,0.84244764,0.46359298,0.54612976,0.42720523,-0.14871486,0.5351679,0.50560004,0.6854996,0.8090874
0.44512033,0.6926809,0.70718414,0.47329116,0.0862025,0.17942464,0.7458521,0.20337531,0.84285897,0.48605677,0.54454225,0.41479236,-0.17679663,0.549251,0.53195626,0.6672845,0.80124
0.5516054,0.7811378,0.7052609,0.44908455,0.052259218,0.23619224,0.81796145,0.16030891,0.8954884,0.5579758,0.5494853,0.44175786,-0.23100954,0.5276402,0.5507142,0.74920946,0.81185126
0.45524502,0.78273,0.57536876,0.37849712,0.023881922,0.2935201,0.80767155,0.2923323,0.87719303,0.5849731,0.48129272,0.43637255,-0.18925945,0.52849644,0.61205685,0.7416276,0.77435195
0.5556242,0.78060526,0.6894128,0.49046552,0.048708532,0.20367195,0.808358,0.1650557,0.88795084,0.53233665,0.5257827,0.4552078,-0.25807962,0.5670284,0.57448095,0.7219692,0.80371505
0.5243431,0.7312525,0.6593229,0.4874132,0.085515864,0.06439838,0.77202636,0.15052925,0.8511782,0.4890086,0.55946016,0.45080042,-0.16180074,0.51727986,0.5193588,0.6721091,0.77281225
0.47548673,0.72179264,0.6423185,0.44033587,0.07040369,0.13473989,0.7374619,0.12088367,0.8432306,0.5053736,0.52681434,0.41486955,-0.19188693,0.49062273,0.51911575,0.6663284,0.74621075
0.5016436,0.6984847,0.6588854,0.42172086,0.08532584,0.17385496,0.7673322,0.11263645,0.8465546,0.45315725,0.55768627,0.38385883,-0.19101351,0.49365985,0.54727507,0.6554949,0.7675331
0.56943125,0.68414193,0.67573553,0.45657197,0.11431265,0.13099162,0.79234385,0.13377015,0.8494353,0.41300434,0.59637374,0.38668814,-0.17326514,0.48517847,0.5356901,0.66772115,0.78993636
0.5956588,0.64335454,0.69214404,0.38157147,0.079519264,0.1642618,0.80396324,0.06326163,0.85198396,0.39372772,0.60904783,0.3324099,-0.16580908,0.44657266,0.49481347,0.6329681,0.76801443
0.53804684,0.592668,0.6744505,0.32218194,0.07364364,0.27524814,0.7710251,-0.018985404,0.8248231,0.38790098,0.5544761,0.22615325,-0.23805879,0.41021824,0.51171577,0.59444153,0.7289035
0.6090024,0.58792126,0.7034595,0.34936705,0.09251051,0.27768555,0.81031436,0.0711612,0.8495429,0.30559838,0.60869825,0.26665148,-0.18984392,0.42959303,0.5149078,0.63865906,0.78084016
0.64778095,0.57071334,0.73488206,0.36162534,0.12050222,0.29570717,0.8381219,0.05889751,0.85495484,0.30489543,0.63888824,0.23610933,-0.20864587,0.4595475,0.55055624,0.63748306,0.81633365
0.6677465,0.5376965,0.751457,0.31390193,0.12843399,0.33345,0.8527555,0.052569997,0.8515209,0.27950674,0.65207213,0.18231219,-0.21290374,0.4093899,0.53770494,0.6402364,0.82278955
0.6655091,0.46801248,0.7755311,0.30979902,0.15749542,0.32840812,0.85147876,0.067786574,0.8358243,0.20599717,0.6802211,0.15015952,-0.18672678,0.38889682,0.5230263,0.6184222,0.8374333
0.66787994,0.44359994,0.79321337,0.2509348,0.16067636,0.37834078,0.8673937,0.046204604,0.829504,0.2033516,0.6757446,0.08878809,-0.19232002,0.3524244,0.51467234,0.62168986,0.8451116
